path,name,extension,size_bytes,modified_time,role,task
configs/deberta_v3_base_multitask.yaml,deberta_v3_base_multitask.yaml,.yaml,535,2026-06-16 21:23:16,config,both
outputs/runs/multitask/deberta_v3_base_multitask_microsoft_deberta_v3_base_multitask_seed42_20260617_005757/config.yaml,config.yaml,.yaml,1217,2026-06-16 22:57:57,config,both
configs/bert_base_task1.yaml,bert_base_task1.yaml,.yaml,422,2026-06-16 16:10:06,config,task1
configs/deberta_v3_base_task1.yaml,deberta_v3_base_task1.yaml,.yaml,463,2026-06-16 21:23:27,config,task1
configs/deberta_v3_base_task1_politician_answer.yaml,deberta_v3_base_task1_politician_answer.yaml,.yaml,491,2026-06-16 21:23:20,config,task1
configs/deberta_v3_base_task1_weighted.yaml,deberta_v3_base_task1_weighted.yaml,.yaml,480,2026-06-16 21:23:24,config,task1
configs/deberta_v3_large_task1.yaml,deberta_v3_large_task1.yaml,.yaml,517,2026-06-16 22:03:07,config,task1
configs/deberta_xlarge_task1.yaml,deberta_xlarge_task1.yaml,.yaml,529,2026-06-16 21:56:48,config,task1
configs/roberta_large_task1.yaml,roberta_large_task1.yaml,.yaml,472,2026-06-16 16:10:06,config,task1
outputs/runs/task1/bert_base_task1_bert_base_uncased_task1_seed42_20260617_004218/config.yaml,config.yaml,.yaml,1190,2026-06-16 22:42:18,config,task1
outputs/runs/task1/deberta_v3_base_task1_microsoft_deberta_v3_base_task1_seed42_20260617_004551/config.yaml,config.yaml,.yaml,1203,2026-06-16 22:45:51,config,task1
outputs/runs/task1/deberta_v3_base_task1_politician_answer_microsoft_deberta_v3_base_task1_seed42_20260617_005355/config.yaml,config.yaml,.yaml,1231,2026-06-16 22:53:55,config,task1
outputs/runs/task1/deberta_v3_base_task1_weighted_microsoft_deberta_v3_base_task1_seed42_20260617_004953/config.yaml,config.yaml,.yaml,1220,2026-06-16 22:49:53,config,task1
outputs/runs/task1/deberta_v3_large_task1_microsoft_deberta_v3_large_task1_seed42_20260617_004218/config.yaml,config.yaml,.yaml,1204,2026-06-16 22:42:18,config,task1
outputs/runs/task1/deberta_xlarge_task1_microsoft_deberta_xlarge_task1_seed42_20260617_005356/config.yaml,config.yaml,.yaml,1201,2026-06-16 22:53:56,config,task1
outputs/runs/task1/roberta_large_task1_roberta_large_task1_seed42_20260617_004215/config.yaml,config.yaml,.yaml,1186,2026-06-16 22:42:15,config,task1
configs/bert_base_task2.yaml,bert_base_task2.yaml,.yaml,422,2026-06-16 16:10:06,config,task2
configs/deberta_v3_base_task2.yaml,deberta_v3_base_task2.yaml,.yaml,463,2026-06-16 21:23:37,config,task2
configs/deberta_v3_base_task2_politician_answer.yaml,deberta_v3_base_task2_politician_answer.yaml,.yaml,491,2026-06-16 21:23:30,config,task2
configs/deberta_v3_base_task2_weighted.yaml,deberta_v3_base_task2_weighted.yaml,.yaml,480,2026-06-16 21:23:34,config,task2
configs/deberta_v3_large_task2.yaml,deberta_v3_large_task2.yaml,.yaml,517,2026-06-16 22:03:04,config,task2
configs/deberta_xlarge_task2.yaml,deberta_xlarge_task2.yaml,.yaml,529,2026-06-16 21:56:41,config,task2
configs/roberta_large_task2.yaml,roberta_large_task2.yaml,.yaml,472,2026-06-16 21:35:28,config,task2
outputs/runs/task2/bert_base_task2_bert_base_uncased_task2_seed42_20260617_004218/config.yaml,config.yaml,.yaml,1190,2026-06-16 22:42:18,config,task2
outputs/runs/task2/deberta_v3_base_task2_microsoft_deberta_v3_base_task2_seed42_20260617_004551/config.yaml,config.yaml,.yaml,1203,2026-06-16 22:45:51,config,task2
outputs/runs/task2/deberta_v3_base_task2_politician_answer_microsoft_deberta_v3_base_task2_seed42_20260617_005355/config.yaml,config.yaml,.yaml,1231,2026-06-16 22:53:55,config,task2
outputs/runs/task2/deberta_v3_base_task2_weighted_microsoft_deberta_v3_base_task2_seed42_20260617_004953/config.yaml,config.yaml,.yaml,1220,2026-06-16 22:49:53,config,task2
outputs/runs/task2/deberta_v3_large_task2_microsoft_deberta_v3_large_task2_seed42_20260617_005310/config.yaml,config.yaml,.yaml,1204,2026-06-16 22:53:10,config,task2
outputs/runs/task2/deberta_xlarge_task2_microsoft_deberta_xlarge_task2_seed42_20260617_005705/config.yaml,config.yaml,.yaml,1201,2026-06-16 22:57:05,config,task2
outputs/runs/task2/roberta_large_task2_roberta_large_task2_seed42_20260617_004218/config.yaml,config.yaml,.yaml,1186,2026-06-16 22:42:18,config,task2
outputs/runs/multitask/deberta_v3_base_multitask_microsoft_deberta_v3_base_multitask_seed42_20260617_005757/artifacts/task1/dev_gold_labels.npy,dev_gold_labels.npy,.npy,5648,2026-06-16 23:01:18,data,both
outputs/runs/multitask/deberta_v3_base_multitask_microsoft_deberta_v3_base_multitask_seed42_20260617_005757/artifacts/task1/dev_misclassified_examples.csv,dev_misclassified_examples.csv,.csv,437263,2026-06-16 23:01:18,data,both
outputs/runs/multitask/deberta_v3_base_multitask_microsoft_deberta_v3_base_multitask_seed42_20260617_005757/artifacts/task1/test_gold_labels.npy,test_gold_labels.npy,.npy,2592,2026-06-16 23:01:19,data,both
outputs/runs/multitask/deberta_v3_base_multitask_microsoft_deberta_v3_base_multitask_seed42_20260617_005757/artifacts/task1/test_misclassified_examples.csv,test_misclassified_examples.csv,.csv,206318,2026-06-16 23:01:19,data,both
outputs/runs/multitask/deberta_v3_base_multitask_microsoft_deberta_v3_base_multitask_seed42_20260617_005757/artifacts/task2/dev_gold_labels.npy,dev_gold_labels.npy,.npy,5648,2026-06-16 23:01:18,data,both
outputs/runs/multitask/deberta_v3_base_multitask_microsoft_deberta_v3_base_multitask_seed42_20260617_005757/artifacts/task2/dev_misclassified_examples.csv,dev_misclassified_examples.csv,.csv,1008470,2026-06-16 23:01:18,data,both
outputs/runs/multitask/deberta_v3_base_multitask_microsoft_deberta_v3_base_multitask_seed42_20260617_005757/artifacts/task2/test_misclassified_examples.csv,test_misclassified_examples.csv,.csv,443633,2026-06-16 23:01:19,data,both
outputs/runs/multitask/deberta_v3_base_multitask_microsoft_deberta_v3_base_multitask_seed42_20260617_005757/artifacts/task2/test_unresolved_disagreements.csv,test_unresolved_disagreements.csv,.csv,93225,2026-06-16 23:01:19,data,both
outputs/runs/multitask/deberta_v3_base_multitask_microsoft_deberta_v3_base_multitask_seed42_20260617_005757/artifacts/trainer_log_history.json,trainer_log_history.json,.json,9688,2026-06-16 23:01:16,data,both
outputs/runs/multitask/deberta_v3_base_multitask_microsoft_deberta_v3_base_multitask_seed42_20260617_005757/checkpoints/checkpoint-1038/trainer_state.json,trainer_state.json,.json,11350,2026-06-16 23:01:15,data,both
outputs/runs/multitask/deberta_v3_base_multitask_microsoft_deberta_v3_base_multitask_seed42_20260617_005757/dataset_schema.json,dataset_schema.json,.json,2632,2026-06-16 22:57:58,data,both
outputs/runs/multitask/deberta_v3_base_multitask_microsoft_deberta_v3_base_multitask_seed42_20260617_005757/split.json,split.json,.json,67039,2026-06-16 22:57:59,data,both
outputs/splits/ailsntua_qevasion_multitask_seed42_eval0.2.json,ailsntua_qevasion_multitask_seed42_eval0.2.json,.json,67039,2026-06-16 22:57:59,data,both
outputs/splits/ailsntua_qevasion_task1_seed42_eval0.2.json,ailsntua_qevasion_task1_seed42_eval0.2.json,.json,67035,2026-06-16 22:42:16,data,both
outputs/runs/task1/bert_base_task1_bert_base_uncased_task1_seed42_20260617_004218/artifacts/dev_gold_labels.npy,dev_gold_labels.npy,.npy,5648,2026-06-16 22:45:17,data,task1
outputs/runs/task1/bert_base_task1_bert_base_uncased_task1_seed42_20260617_004218/artifacts/dev_misclassified_examples.csv,dev_misclassified_examples.csv,.csv,513035,2026-06-16 22:45:17,data,task1
outputs/runs/task1/bert_base_task1_bert_base_uncased_task1_seed42_20260617_004218/artifacts/test_gold_labels.npy,test_gold_labels.npy,.npy,2592,2026-06-16 22:45:19,data,task1
outputs/runs/task1/bert_base_task1_bert_base_uncased_task1_seed42_20260617_004218/artifacts/test_misclassified_examples.csv,test_misclassified_examples.csv,.csv,174457,2026-06-16 22:45:19,data,task1
outputs/runs/task1/bert_base_task1_bert_base_uncased_task1_seed42_20260617_004218/artifacts/trainer_log_history.json,trainer_log_history.json,.json,10144,2026-06-16 22:45:15,data,task1
outputs/runs/task1/bert_base_task1_bert_base_uncased_task1_seed42_20260617_004218/checkpoints/checkpoint-865/trainer_state.json,trainer_state.json,.json,11741,2026-06-16 22:45:14,data,task1
outputs/runs/task1/bert_base_task1_bert_base_uncased_task1_seed42_20260617_004218/dataset_schema.json,dataset_schema.json,.json,2632,2026-06-16 22:42:19,data,task1
outputs/runs/task1/bert_base_task1_bert_base_uncased_task1_seed42_20260617_004218/split.json,split.json,.json,67035,2026-06-16 22:42:19,data,task1
outputs/runs/task1/deberta_v3_base_task1_microsoft_deberta_v3_base_task1_seed42_20260617_004551/artifacts/dev_gold_labels.npy,dev_gold_labels.npy,.npy,5648,2026-06-16 22:49:21,data,task1
outputs/runs/task1/deberta_v3_base_task1_microsoft_deberta_v3_base_task1_seed42_20260617_004551/artifacts/dev_misclassified_examples.csv,dev_misclassified_examples.csv,.csv,452203,2026-06-16 22:49:21,data,task1
outputs/runs/task1/deberta_v3_base_task1_microsoft_deberta_v3_base_task1_seed42_20260617_004551/artifacts/test_gold_labels.npy,test_gold_labels.npy,.npy,2592,2026-06-16 22:49:22,data,task1
outputs/runs/task1/deberta_v3_base_task1_microsoft_deberta_v3_base_task1_seed42_20260617_004551/artifacts/test_misclassified_examples.csv,test_misclassified_examples.csv,.csv,186979,2026-06-16 22:49:22,data,task1
outputs/runs/task1/deberta_v3_base_task1_microsoft_deberta_v3_base_task1_seed42_20260617_004551/artifacts/trainer_log_history.json,trainer_log_history.json,.json,12089,2026-06-16 22:49:19,data,task1
outputs/runs/task1/deberta_v3_base_task1_microsoft_deberta_v3_base_task1_seed42_20260617_004551/checkpoints/checkpoint-1038/trainer_state.json,trainer_state.json,.json,13846,2026-06-16 22:49:18,data,task1
outputs/runs/task1/deberta_v3_base_task1_microsoft_deberta_v3_base_task1_seed42_20260617_004551/dataset_schema.json,dataset_schema.json,.json,2632,2026-06-16 22:45:52,data,task1
outputs/runs/task1/deberta_v3_base_task1_microsoft_deberta_v3_base_task1_seed42_20260617_004551/split.json,split.json,.json,67035,2026-06-16 22:45:52,data,task1
outputs/runs/task1/deberta_v3_base_task1_politician_answer_microsoft_deberta_v3_base_task1_seed42_20260617_005355/artifacts/dev_gold_labels.npy,dev_gold_labels.npy,.npy,5648,2026-06-16 22:57:19,data,task1
outputs/runs/task1/deberta_v3_base_task1_politician_answer_microsoft_deberta_v3_base_task1_seed42_20260617_005355/artifacts/dev_misclassified_examples.csv,dev_misclassified_examples.csv,.csv,431625,2026-06-16 22:57:19,data,task1
outputs/runs/task1/deberta_v3_base_task1_politician_answer_microsoft_deberta_v3_base_task1_seed42_20260617_005355/artifacts/test_gold_labels.npy,test_gold_labels.npy,.npy,2592,2026-06-16 22:57:20,data,task1
outputs/runs/task1/deberta_v3_base_task1_politician_answer_microsoft_deberta_v3_base_task1_seed42_20260617_005355/artifacts/test_misclassified_examples.csv,test_misclassified_examples.csv,.csv,200611,2026-06-16 22:57:20,data,task1
outputs/runs/task1/deberta_v3_base_task1_politician_answer_microsoft_deberta_v3_base_task1_seed42_20260617_005355/artifacts/trainer_log_history.json,trainer_log_history.json,.json,12056,2026-06-16 22:57:16,data,task1
outputs/runs/task1/deberta_v3_base_task1_politician_answer_microsoft_deberta_v3_base_task1_seed42_20260617_005355/checkpoints/checkpoint-1038/trainer_state.json,trainer_state.json,.json,13829,2026-06-16 22:57:15,data,task1
outputs/runs/task1/deberta_v3_base_task1_politician_answer_microsoft_deberta_v3_base_task1_seed42_20260617_005355/dataset_schema.json,dataset_schema.json,.json,2632,2026-06-16 22:53:56,data,task1
outputs/runs/task1/deberta_v3_base_task1_politician_answer_microsoft_deberta_v3_base_task1_seed42_20260617_005355/split.json,split.json,.json,67035,2026-06-16 22:53:56,data,task1
outputs/runs/task1/deberta_v3_base_task1_weighted_microsoft_deberta_v3_base_task1_seed42_20260617_004953/artifacts/dev_gold_labels.npy,dev_gold_labels.npy,.npy,5648,2026-06-16 22:53:14,data,task1
outputs/runs/task1/deberta_v3_base_task1_weighted_microsoft_deberta_v3_base_task1_seed42_20260617_004953/artifacts/dev_misclassified_examples.csv,dev_misclassified_examples.csv,.csv,507994,2026-06-16 22:53:14,data,task1
outputs/runs/task1/deberta_v3_base_task1_weighted_microsoft_deberta_v3_base_task1_seed42_20260617_004953/artifacts/test_gold_labels.npy,test_gold_labels.npy,.npy,2592,2026-06-16 22:53:15,data,task1
outputs/runs/task1/deberta_v3_base_task1_weighted_microsoft_deberta_v3_base_task1_seed42_20260617_004953/artifacts/test_misclassified_examples.csv,test_misclassified_examples.csv,.csv,188173,2026-06-16 22:53:15,data,task1
outputs/runs/task1/deberta_v3_base_task1_weighted_microsoft_deberta_v3_base_task1_seed42_20260617_004953/artifacts/trainer_log_history.json,trainer_log_history.json,.json,12113,2026-06-16 22:53:11,data,task1
outputs/runs/task1/deberta_v3_base_task1_weighted_microsoft_deberta_v3_base_task1_seed42_20260617_004953/checkpoints/checkpoint-865/trainer_state.json,trainer_state.json,.json,11730,2026-06-16 22:52:39,data,task1
outputs/runs/task1/deberta_v3_base_task1_weighted_microsoft_deberta_v3_base_task1_seed42_20260617_004953/dataset_schema.json,dataset_schema.json,.json,2632,2026-06-16 22:49:54,data,task1
outputs/runs/task1/deberta_v3_base_task1_weighted_microsoft_deberta_v3_base_task1_seed42_20260617_004953/split.json,split.json,.json,67035,2026-06-16 22:49:54,data,task1
outputs/runs/task1/deberta_v3_large_task1_microsoft_deberta_v3_large_task1_seed42_20260617_004218/artifacts/dev_gold_labels.npy,dev_gold_labels.npy,.npy,5648,2026-06-16 22:56:10,data,task1
outputs/runs/task1/deberta_v3_large_task1_microsoft_deberta_v3_large_task1_seed42_20260617_004218/artifacts/dev_misclassified_examples.csv,dev_misclassified_examples.csv,.csv,421448,2026-06-16 22:56:10,data,task1
outputs/runs/task1/deberta_v3_large_task1_microsoft_deberta_v3_large_task1_seed42_20260617_004218/artifacts/test_gold_labels.npy,test_gold_labels.npy,.npy,2592,2026-06-16 22:56:13,data,task1
outputs/runs/task1/deberta_v3_large_task1_microsoft_deberta_v3_large_task1_seed42_20260617_004218/artifacts/test_misclassified_examples.csv,test_misclassified_examples.csv,.csv,183273,2026-06-16 22:56:13,data,task1
outputs/runs/task1/deberta_v3_large_task1_microsoft_deberta_v3_large_task1_seed42_20260617_004218/artifacts/trainer_log_history.json,trainer_log_history.json,.json,10095,2026-06-16 22:56:03,data,task1
outputs/runs/task1/deberta_v3_large_task1_microsoft_deberta_v3_large_task1_seed42_20260617_004218/checkpoints/checkpoint-865/trainer_state.json,trainer_state.json,.json,11706,2026-06-16 22:56:01,data,task1
outputs/runs/task1/deberta_v3_large_task1_microsoft_deberta_v3_large_task1_seed42_20260617_004218/dataset_schema.json,dataset_schema.json,.json,2632,2026-06-16 22:42:19,data,task1
outputs/runs/task1/deberta_v3_large_task1_microsoft_deberta_v3_large_task1_seed42_20260617_004218/split.json,split.json,.json,67035,2026-06-16 22:42:19,data,task1
outputs/runs/task1/deberta_xlarge_task1_microsoft_deberta_xlarge_task1_seed42_20260617_005356/artifacts/dev_gold_labels.npy,dev_gold_labels.npy,.npy,5648,2026-06-16 23:49:03,data,task1
outputs/runs/task1/deberta_xlarge_task1_microsoft_deberta_xlarge_task1_seed42_20260617_005356/artifacts/dev_misclassified_examples.csv,dev_misclassified_examples.csv,.csv,419256,2026-06-16 23:49:04,data,task1
outputs/runs/task1/deberta_xlarge_task1_microsoft_deberta_xlarge_task1_seed42_20260617_005356/artifacts/test_gold_labels.npy,test_gold_labels.npy,.npy,2592,2026-06-16 23:49:14,data,task1
outputs/runs/task1/deberta_xlarge_task1_microsoft_deberta_xlarge_task1_seed42_20260617_005356/artifacts/test_misclassified_examples.csv,test_misclassified_examples.csv,.csv,198348,2026-06-16 23:49:14,data,task1
outputs/runs/task1/deberta_xlarge_task1_microsoft_deberta_xlarge_task1_seed42_20260617_005356/artifacts/trainer_log_history.json,trainer_log_history.json,.json,8138,2026-06-16 23:48:39,data,task1
outputs/runs/task1/deberta_xlarge_task1_microsoft_deberta_xlarge_task1_seed42_20260617_005356/checkpoints/checkpoint-692/trainer_state.json,trainer_state.json,.json,9601,2026-06-16 23:48:35,data,task1
outputs/runs/task1/deberta_xlarge_task1_microsoft_deberta_xlarge_task1_seed42_20260617_005356/dataset_schema.json,dataset_schema.json,.json,2632,2026-06-16 22:53:57,data,task1
outputs/runs/task1/deberta_xlarge_task1_microsoft_deberta_xlarge_task1_seed42_20260617_005356/split.json,split.json,.json,67035,2026-06-16 22:53:57,data,task1
outputs/runs/task1/roberta_large_task1_roberta_large_task1_seed42_20260617_004215/artifacts/dev_gold_labels.npy,dev_gold_labels.npy,.npy,5648,2026-06-16 22:52:49,data,task1
outputs/runs/task1/roberta_large_task1_roberta_large_task1_seed42_20260617_004215/artifacts/dev_misclassified_examples.csv,dev_misclassified_examples.csv,.csv,448005,2026-06-16 22:52:49,data,task1
outputs/runs/task1/roberta_large_task1_roberta_large_task1_seed42_20260617_004215/artifacts/test_gold_labels.npy,test_gold_labels.npy,.npy,2592,2026-06-16 22:52:50,data,task1
outputs/runs/task1/roberta_large_task1_roberta_large_task1_seed42_20260617_004215/artifacts/test_misclassified_examples.csv,test_misclassified_examples.csv,.csv,201740,2026-06-16 22:52:50,data,task1
outputs/runs/task1/roberta_large_task1_roberta_large_task1_seed42_20260617_004215/artifacts/trainer_log_history.json,trainer_log_history.json,.json,10154,2026-06-16 22:52:45,data,task1
outputs/runs/task1/roberta_large_task1_roberta_large_task1_seed42_20260617_004215/checkpoints/checkpoint-865/trainer_state.json,trainer_state.json,.json,11748,2026-06-16 22:52:43,data,task1
outputs/runs/task1/roberta_large_task1_roberta_large_task1_seed42_20260617_004215/dataset_schema.json,dataset_schema.json,.json,2632,2026-06-16 22:42:16,data,task1
outputs/runs/task1/roberta_large_task1_roberta_large_task1_seed42_20260617_004215/split.json,split.json,.json,67035,2026-06-16 22:42:16,data,task1
outputs/runs/task2/bert_base_task2_bert_base_uncased_task2_seed42_20260617_004218/artifacts/dev_gold_labels.npy,dev_gold_labels.npy,.npy,5648,2026-06-16 22:45:18,data,task2
outputs/runs/task2/bert_base_task2_bert_base_uncased_task2_seed42_20260617_004218/artifacts/dev_misclassified_examples.csv,dev_misclassified_examples.csv,.csv,1063558,2026-06-16 22:45:18,data,task2
outputs/runs/task2/bert_base_task2_bert_base_uncased_task2_seed42_20260617_004218/artifacts/test_misclassified_examples.csv,test_misclassified_examples.csv,.csv,497387,2026-06-16 22:45:19,data,task2
outputs/runs/task2/bert_base_task2_bert_base_uncased_task2_seed42_20260617_004218/artifacts/test_unresolved_disagreements.csv,test_unresolved_disagreements.csv,.csv,95135,2026-06-16 22:45:19,data,task2
outputs/runs/task2/bert_base_task2_bert_base_uncased_task2_seed42_20260617_004218/artifacts/trainer_log_history.json,trainer_log_history.json,.json,15205,2026-06-16 22:45:15,data,task2
outputs/runs/task2/bert_base_task2_bert_base_uncased_task2_seed42_20260617_004218/checkpoints/checkpoint-865/trainer_state.json,trainer_state.json,.json,17041,2026-06-16 22:45:15,data,task2
outputs/runs/task2/bert_base_task2_bert_base_uncased_task2_seed42_20260617_004218/dataset_schema.json,dataset_schema.json,.json,2632,2026-06-16 22:42:19,data,task2
outputs/runs/task2/bert_base_task2_bert_base_uncased_task2_seed42_20260617_004218/split.json,split.json,.json,67035,2026-06-16 22:42:20,data,task2
outputs/runs/task2/deberta_v3_base_task2_microsoft_deberta_v3_base_task2_seed42_20260617_004551/artifacts/dev_gold_labels.npy,dev_gold_labels.npy,.npy,5648,2026-06-16 22:49:22,data,task2
outputs/runs/task2/deberta_v3_base_task2_microsoft_deberta_v3_base_task2_seed42_20260617_004551/artifacts/dev_misclassified_examples.csv,dev_misclassified_examples.csv,.csv,1008303,2026-06-16 22:49:22,data,task2
outputs/runs/task2/deberta_v3_base_task2_microsoft_deberta_v3_base_task2_seed42_20260617_004551/artifacts/test_misclassified_examples.csv,test_misclassified_examples.csv,.csv,424943,2026-06-16 22:49:23,data,task2
outputs/runs/task2/deberta_v3_base_task2_microsoft_deberta_v3_base_task2_seed42_20260617_004551/artifacts/test_unresolved_disagreements.csv,test_unresolved_disagreements.csv,.csv,93338,2026-06-16 22:49:23,data,task2
outputs/runs/task2/deberta_v3_base_task2_microsoft_deberta_v3_base_task2_seed42_20260617_004551/artifacts/trainer_log_history.json,trainer_log_history.json,.json,17907,2026-06-16 22:49:20,data,task2
outputs/runs/task2/deberta_v3_base_task2_microsoft_deberta_v3_base_task2_seed42_20260617_004551/checkpoints/checkpoint-1038/trainer_state.json,trainer_state.json,.json,19953,2026-06-16 22:49:19,data,task2
outputs/runs/task2/deberta_v3_base_task2_microsoft_deberta_v3_base_task2_seed42_20260617_004551/dataset_schema.json,dataset_schema.json,.json,2632,2026-06-16 22:45:52,data,task2
outputs/runs/task2/deberta_v3_base_task2_microsoft_deberta_v3_base_task2_seed42_20260617_004551/split.json,split.json,.json,67035,2026-06-16 22:45:52,data,task2
outputs/runs/task2/deberta_v3_base_task2_politician_answer_microsoft_deberta_v3_base_task2_seed42_20260617_005355/artifacts/dev_gold_labels.npy,dev_gold_labels.npy,.npy,5648,2026-06-16 22:57:19,data,task2
outputs/runs/task2/deberta_v3_base_task2_politician_answer_microsoft_deberta_v3_base_task2_seed42_20260617_005355/artifacts/dev_misclassified_examples.csv,dev_misclassified_examples.csv,.csv,990945,2026-06-16 22:57:19,data,task2
outputs/runs/task2/deberta_v3_base_task2_politician_answer_microsoft_deberta_v3_base_task2_seed42_20260617_005355/artifacts/test_misclassified_examples.csv,test_misclassified_examples.csv,.csv,429310,2026-06-16 22:57:20,data,task2
outputs/runs/task2/deberta_v3_base_task2_politician_answer_microsoft_deberta_v3_base_task2_seed42_20260617_005355/artifacts/test_unresolved_disagreements.csv,test_unresolved_disagreements.csv,.csv,93216,2026-06-16 22:57:20,data,task2
outputs/runs/task2/deberta_v3_base_task2_politician_answer_microsoft_deberta_v3_base_task2_seed42_20260617_005355/artifacts/trainer_log_history.json,trainer_log_history.json,.json,17908,2026-06-16 22:57:17,data,task2
outputs/runs/task2/deberta_v3_base_task2_politician_answer_microsoft_deberta_v3_base_task2_seed42_20260617_005355/checkpoints/checkpoint-1038/trainer_state.json,trainer_state.json,.json,19970,2026-06-16 22:57:16,data,task2
outputs/runs/task2/deberta_v3_base_task2_politician_answer_microsoft_deberta_v3_base_task2_seed42_20260617_005355/dataset_schema.json,dataset_schema.json,.json,2632,2026-06-16 22:53:57,data,task2
outputs/runs/task2/deberta_v3_base_task2_politician_answer_microsoft_deberta_v3_base_task2_seed42_20260617_005355/split.json,split.json,.json,67035,2026-06-16 22:53:57,data,task2
outputs/runs/task2/deberta_v3_base_task2_weighted_microsoft_deberta_v3_base_task2_seed42_20260617_004953/artifacts/dev_gold_labels.npy,dev_gold_labels.npy,.npy,5648,2026-06-16 22:53:14,data,task2
outputs/runs/task2/deberta_v3_base_task2_weighted_microsoft_deberta_v3_base_task2_seed42_20260617_004953/artifacts/dev_misclassified_examples.csv,dev_misclassified_examples.csv,.csv,1168147,2026-06-16 22:53:14,data,task2
outputs/runs/task2/deberta_v3_base_task2_weighted_microsoft_deberta_v3_base_task2_seed42_20260617_004953/artifacts/test_misclassified_examples.csv,test_misclassified_examples.csv,.csv,506424,2026-06-16 22:53:15,data,task2
outputs/runs/task2/deberta_v3_base_task2_weighted_microsoft_deberta_v3_base_task2_seed42_20260617_004953/artifacts/test_unresolved_disagreements.csv,test_unresolved_disagreements.csv,.csv,93400,2026-06-16 22:53:15,data,task2
outputs/runs/task2/deberta_v3_base_task2_weighted_microsoft_deberta_v3_base_task2_seed42_20260617_004953/artifacts/trainer_log_history.json,trainer_log_history.json,.json,18437,2026-06-16 22:53:12,data,task2
outputs/runs/task2/deberta_v3_base_task2_weighted_microsoft_deberta_v3_base_task2_seed42_20260617_004953/checkpoints/checkpoint-1038/trainer_state.json,trainer_state.json,.json,20491,2026-06-16 22:53:11,data,task2
outputs/runs/task2/deberta_v3_base_task2_weighted_microsoft_deberta_v3_base_task2_seed42_20260617_004953/dataset_schema.json,dataset_schema.json,.json,2632,2026-06-16 22:49:54,data,task2
outputs/runs/task2/deberta_v3_base_task2_weighted_microsoft_deberta_v3_base_task2_seed42_20260617_004953/split.json,split.json,.json,67035,2026-06-16 22:49:54,data,task2
outputs/runs/task2/deberta_v3_large_task2_microsoft_deberta_v3_large_task2_seed42_20260617_005310/artifacts/dev_gold_labels.npy,dev_gold_labels.npy,.npy,5648,2026-06-16 23:06:54,data,task2
outputs/runs/task2/deberta_v3_large_task2_microsoft_deberta_v3_large_task2_seed42_20260617_005310/artifacts/dev_misclassified_examples.csv,dev_misclassified_examples.csv,.csv,969646,2026-06-16 23:06:54,data,task2
outputs/runs/task2/deberta_v3_large_task2_microsoft_deberta_v3_large_task2_seed42_20260617_005310/artifacts/test_misclassified_examples.csv,test_misclassified_examples.csv,.csv,419197,2026-06-16 23:06:58,data,task2
outputs/runs/task2/deberta_v3_large_task2_microsoft_deberta_v3_large_task2_seed42_20260617_005310/artifacts/test_unresolved_disagreements.csv,test_unresolved_disagreements.csv,.csv,93299,2026-06-16 23:06:57,data,task2
outputs/runs/task2/deberta_v3_large_task2_microsoft_deberta_v3_large_task2_seed42_20260617_005310/artifacts/trainer_log_history.json,trainer_log_history.json,.json,15138,2026-06-16 23:06:47,data,task2
outputs/runs/task2/deberta_v3_large_task2_microsoft_deberta_v3_large_task2_seed42_20260617_005310/checkpoints/checkpoint-865/trainer_state.json,trainer_state.json,.json,16989,2026-06-16 23:06:45,data,task2
outputs/runs/task2/deberta_v3_large_task2_microsoft_deberta_v3_large_task2_seed42_20260617_005310/dataset_schema.json,dataset_schema.json,.json,2632,2026-06-16 22:53:12,data,task2
outputs/runs/task2/deberta_v3_large_task2_microsoft_deberta_v3_large_task2_seed42_20260617_005310/split.json,split.json,.json,67035,2026-06-16 22:53:12,data,task2
outputs/runs/task2/deberta_xlarge_task2_microsoft_deberta_xlarge_task2_seed42_20260617_005705/artifacts/dev_gold_labels.npy,dev_gold_labels.npy,.npy,5648,2026-06-16 23:53:48,data,task2
outputs/runs/task2/deberta_xlarge_task2_microsoft_deberta_xlarge_task2_seed42_20260617_005705/artifacts/dev_misclassified_examples.csv,dev_misclassified_examples.csv,.csv,988703,2026-06-16 23:53:48,data,task2
outputs/runs/task2/deberta_xlarge_task2_microsoft_deberta_xlarge_task2_seed42_20260617_005705/artifacts/test_misclassified_examples.csv,test_misclassified_examples.csv,.csv,429668,2026-06-16 23:53:59,data,task2
outputs/runs/task2/deberta_xlarge_task2_microsoft_deberta_xlarge_task2_seed42_20260617_005705/artifacts/test_unresolved_disagreements.csv,test_unresolved_disagreements.csv,.csv,95169,2026-06-16 23:53:59,data,task2
outputs/runs/task2/deberta_xlarge_task2_microsoft_deberta_xlarge_task2_seed42_20260617_005705/artifacts/trainer_log_history.json,trainer_log_history.json,.json,12226,2026-06-16 23:53:24,data,task2
outputs/runs/task2/deberta_xlarge_task2_microsoft_deberta_xlarge_task2_seed42_20260617_005705/checkpoints/checkpoint-692/trainer_state.json,trainer_state.json,.json,13881,2026-06-16 23:53:18,data,task2
outputs/runs/task2/deberta_xlarge_task2_microsoft_deberta_xlarge_task2_seed42_20260617_005705/dataset_schema.json,dataset_schema.json,.json,2632,2026-06-16 22:57:06,data,task2
outputs/runs/task2/deberta_xlarge_task2_microsoft_deberta_xlarge_task2_seed42_20260617_005705/split.json,split.json,.json,67035,2026-06-16 22:57:06,data,task2
outputs/runs/task2/roberta_large_task2_roberta_large_task2_seed42_20260617_004218/artifacts/dev_gold_labels.npy,dev_gold_labels.npy,.npy,5648,2026-06-16 22:53:03,data,task2
outputs/runs/task2/roberta_large_task2_roberta_large_task2_seed42_20260617_004218/artifacts/dev_misclassified_examples.csv,dev_misclassified_examples.csv,.csv,967563,2026-06-16 22:53:03,data,task2
outputs/runs/task2/roberta_large_task2_roberta_large_task2_seed42_20260617_004218/artifacts/test_misclassified_examples.csv,test_misclassified_examples.csv,.csv,442556,2026-06-16 22:53:05,data,task2
outputs/runs/task2/roberta_large_task2_roberta_large_task2_seed42_20260617_004218/artifacts/test_unresolved_disagreements.csv,test_unresolved_disagreements.csv,.csv,93286,2026-06-16 22:53:05,data,task2
outputs/runs/task2/roberta_large_task2_roberta_large_task2_seed42_20260617_004218/artifacts/trainer_log_history.json,trainer_log_history.json,.json,15223,2026-06-16 22:53:00,data,task2
outputs/runs/task2/roberta_large_task2_roberta_large_task2_seed42_20260617_004218/checkpoints/checkpoint-692/trainer_state.json,trainer_state.json,.json,13801,2026-06-16 22:50:51,data,task2
outputs/runs/task2/roberta_large_task2_roberta_large_task2_seed42_20260617_004218/dataset_schema.json,dataset_schema.json,.json,2632,2026-06-16 22:42:19,data,task2
outputs/runs/task2/roberta_large_task2_roberta_large_task2_seed42_20260617_004218/split.json,split.json,.json,67035,2026-06-16 22:42:20,data,task2
outputs/splits/ailsntua_qevasion_task2_seed42_eval0.2.json,ailsntua_qevasion_task2_seed42_eval0.2.json,.json,67035,2026-06-16 22:42:20,data,task2
outputs/slurm_logs/deberta_v3_base_multitask_26245356_8.log,deberta_v3_base_multitask_26245356_8.log,.log,9446,2026-06-16 23:01:19,log,both
outputs/runs/task1/bert_base_task1_bert_base_uncased_task1_seed42_20260617_004218/best_model/vocab.txt,vocab.txt,.txt,231508,2026-06-16 22:45:15,log,task1
outputs/runs/task1/bert_base_task1_bert_base_uncased_task1_seed42_20260617_004218/checkpoints/checkpoint-865/vocab.txt,vocab.txt,.txt,231508,2026-06-16 22:45:13,log,task1
outputs/runs/task1/bert_base_task1_bert_base_uncased_task1_seed42_20260617_004218/tokenizer/vocab.txt,vocab.txt,.txt,231508,2026-06-16 22:42:20,log,task1
outputs/runs/task1/deberta_xlarge_task1_microsoft_deberta_xlarge_task1_seed42_20260617_005356/best_model/merges.txt,merges.txt,.txt,456318,2026-06-16 23:48:39,log,task1
outputs/runs/task1/deberta_xlarge_task1_microsoft_deberta_xlarge_task1_seed42_20260617_005356/checkpoints/checkpoint-692/merges.txt,merges.txt,.txt,456318,2026-06-16 23:48:31,log,task1
outputs/runs/task1/deberta_xlarge_task1_microsoft_deberta_xlarge_task1_seed42_20260617_005356/tokenizer/merges.txt,merges.txt,.txt,456318,2026-06-16 22:53:57,log,task1
outputs/runs/task1/roberta_large_task1_roberta_large_task1_seed42_20260617_004215/best_model/merges.txt,merges.txt,.txt,456318,2026-06-16 22:52:45,log,task1
outputs/runs/task1/roberta_large_task1_roberta_large_task1_seed42_20260617_004215/checkpoints/checkpoint-865/merges.txt,merges.txt,.txt,456318,2026-06-16 22:52:41,log,task1
outputs/runs/task1/roberta_large_task1_roberta_large_task1_seed42_20260617_004215/tokenizer/merges.txt,merges.txt,.txt,456318,2026-06-16 22:42:17,log,task1
outputs/slurm_logs/bert_base_task1_26245356_0.log,bert_base_task1_26245356_0.log,.log,8795,2026-06-16 22:45:19,log,task1
outputs/slurm_logs/deberta_v3_base_task1_26245356_2.log,deberta_v3_base_task1_26245356_2.log,.log,10685,2026-06-16 22:49:22,log,task1
outputs/slurm_logs/deberta_v3_base_task1_politician_answer_26245356_6.log,deberta_v3_base_task1_politician_answer_26245356_6.log,.log,11488,2026-06-16 22:57:20,log,task1
outputs/slurm_logs/deberta_v3_base_task1_weighted_26245356_4.log,deberta_v3_base_task1_weighted_26245356_4.log,.log,10718,2026-06-16 22:53:15,log,task1
outputs/slurm_logs/deberta_v3_large_task1_26245355_2.log,deberta_v3_large_task1_26245355_2.log,.log,9082,2026-06-16 22:56:13,log,task1
outputs/slurm_logs/deberta_xlarge_task1_26245355_4.log,deberta_xlarge_task1_26245355_4.log,.log,7501,2026-06-16 23:49:15,log,task1
outputs/slurm_logs/roberta_large_task1_26245355_0.log,roberta_large_task1_26245355_0.log,.log,8869,2026-06-16 22:52:50,log,task1
outputs/runs/task2/bert_base_task2_bert_base_uncased_task2_seed42_20260617_004218/best_model/vocab.txt,vocab.txt,.txt,231508,2026-06-16 22:45:15,log,task2
outputs/runs/task2/bert_base_task2_bert_base_uncased_task2_seed42_20260617_004218/checkpoints/checkpoint-865/vocab.txt,vocab.txt,.txt,231508,2026-06-16 22:45:14,log,task2
outputs/runs/task2/bert_base_task2_bert_base_uncased_task2_seed42_20260617_004218/tokenizer/vocab.txt,vocab.txt,.txt,231508,2026-06-16 22:42:20,log,task2
outputs/runs/task2/deberta_xlarge_task2_microsoft_deberta_xlarge_task2_seed42_20260617_005705/best_model/merges.txt,merges.txt,.txt,456318,2026-06-16 23:53:24,log,task2
outputs/runs/task2/deberta_xlarge_task2_microsoft_deberta_xlarge_task2_seed42_20260617_005705/checkpoints/checkpoint-692/merges.txt,merges.txt,.txt,456318,2026-06-16 23:53:13,log,task2
outputs/runs/task2/deberta_xlarge_task2_microsoft_deberta_xlarge_task2_seed42_20260617_005705/tokenizer/merges.txt,merges.txt,.txt,456318,2026-06-16 22:57:07,log,task2
outputs/runs/task2/roberta_large_task2_roberta_large_task2_seed42_20260617_004218/best_model/merges.txt,merges.txt,.txt,456318,2026-06-16 22:53:00,log,task2
outputs/runs/task2/roberta_large_task2_roberta_large_task2_seed42_20260617_004218/checkpoints/checkpoint-692/merges.txt,merges.txt,.txt,456318,2026-06-16 22:50:48,log,task2
outputs/runs/task2/roberta_large_task2_roberta_large_task2_seed42_20260617_004218/tokenizer/merges.txt,merges.txt,.txt,456318,2026-06-16 22:42:20,log,task2
outputs/slurm_logs/bert_base_task2_26245356_1.log,bert_base_task2_26245356_1.log,.log,13376,2026-06-16 22:45:19,log,task2
outputs/slurm_logs/deberta_v3_base_task2_26245356_3.log,deberta_v3_base_task2_26245356_3.log,.log,15927,2026-06-16 22:49:23,log,task2
outputs/slurm_logs/deberta_v3_base_task2_politician_answer_26245356_7.log,deberta_v3_base_task2_politician_answer_26245356_7.log,.log,16764,2026-06-16 22:57:20,log,task2
outputs/slurm_logs/deberta_v3_base_task2_weighted_26245356_5.log,deberta_v3_base_task2_weighted_26245356_5.log,.log,16466,2026-06-16 22:53:15,log,task2
outputs/slurm_logs/deberta_v3_large_task2_26245355_3.log,deberta_v3_large_task2_26245355_3.log,.log,13645,2026-06-16 23:06:58,log,task2
outputs/slurm_logs/deberta_xlarge_task2_26245355_5.log,deberta_xlarge_task2_26245355_5.log,.log,11205,2026-06-16 23:53:59,log,task2
outputs/slurm_logs/roberta_large_task2_26245355_1.log,roberta_large_task2_26245355_1.log,.log,13463,2026-06-16 22:53:05,log,task2
requirements.txt,requirements.txt,.txt,129,2026-06-16 16:10:06,log,unknown
outputs/runs/multitask/deberta_v3_base_multitask_microsoft_deberta_v3_base_multitask_seed42_20260617_005757/artifacts/task1/dev_logits.npy,dev_logits.npy,.npy,8408,2026-06-16 23:01:18,prediction,both
outputs/runs/multitask/deberta_v3_base_multitask_microsoft_deberta_v3_base_multitask_seed42_20260617_005757/artifacts/task1/dev_predictions.csv,dev_predictions.csv,.csv,1529146,2026-06-16 23:01:18,prediction,both
outputs/runs/multitask/deberta_v3_base_multitask_microsoft_deberta_v3_base_multitask_seed42_20260617_005757/artifacts/task1/dev_probabilities.npy,dev_probabilities.npy,.npy,8408,2026-06-16 23:01:18,prediction,both
outputs/runs/multitask/deberta_v3_base_multitask_microsoft_deberta_v3_base_multitask_seed42_20260617_005757/artifacts/task1/test_logits.npy,test_logits.npy,.npy,3824,2026-06-16 23:01:19,prediction,both
outputs/runs/multitask/deberta_v3_base_multitask_microsoft_deberta_v3_base_multitask_seed42_20260617_005757/artifacts/task1/test_predictions.csv,test_predictions.csv,.csv,683826,2026-06-16 23:01:19,prediction,both
outputs/runs/multitask/deberta_v3_base_multitask_microsoft_deberta_v3_base_multitask_seed42_20260617_005757/artifacts/task1/test_probabilities.npy,test_probabilities.npy,.npy,3824,2026-06-16 23:01:19,prediction,both
outputs/runs/multitask/deberta_v3_base_multitask_microsoft_deberta_v3_base_multitask_seed42_20260617_005757/artifacts/task2/dev_logits.npy,dev_logits.npy,.npy,24968,2026-06-16 23:01:18,prediction,both
outputs/runs/multitask/deberta_v3_base_multitask_microsoft_deberta_v3_base_multitask_seed42_20260617_005757/artifacts/task2/dev_predictions.csv,dev_predictions.csv,.csv,1667278,2026-06-16 23:01:18,prediction,both
outputs/runs/multitask/deberta_v3_base_multitask_microsoft_deberta_v3_base_multitask_seed42_20260617_005757/artifacts/task2/dev_probabilities.npy,dev_probabilities.npy,.npy,24968,2026-06-16 23:01:18,prediction,both
outputs/runs/multitask/deberta_v3_base_multitask_microsoft_deberta_v3_base_multitask_seed42_20260617_005757/artifacts/task2/test_logits.npy,test_logits.npy,.npy,11216,2026-06-16 23:01:19,prediction,both
outputs/runs/multitask/deberta_v3_base_multitask_microsoft_deberta_v3_base_multitask_seed42_20260617_005757/artifacts/task2/test_predictions.csv,test_predictions.csv,.csv,763582,2026-06-16 23:01:19,prediction,both
outputs/runs/multitask/deberta_v3_base_multitask_microsoft_deberta_v3_base_multitask_seed42_20260617_005757/artifacts/task2/test_probabilities.npy,test_probabilities.npy,.npy,11216,2026-06-16 23:01:19,prediction,both
outputs/runs/task1/bert_base_task1_bert_base_uncased_task1_seed42_20260617_004218/artifacts/dev_logits.npy,dev_logits.npy,.npy,8408,2026-06-16 22:45:17,prediction,task1
outputs/runs/task1/bert_base_task1_bert_base_uncased_task1_seed42_20260617_004218/artifacts/dev_predictions.csv,dev_predictions.csv,.csv,1542477,2026-06-16 22:45:17,prediction,task1
outputs/runs/task1/bert_base_task1_bert_base_uncased_task1_seed42_20260617_004218/artifacts/dev_probabilities.npy,dev_probabilities.npy,.npy,8408,2026-06-16 22:45:17,prediction,task1
outputs/runs/task1/bert_base_task1_bert_base_uncased_task1_seed42_20260617_004218/artifacts/test_logits.npy,test_logits.npy,.npy,3824,2026-06-16 22:45:18,prediction,task1
outputs/runs/task1/bert_base_task1_bert_base_uncased_task1_seed42_20260617_004218/artifacts/test_predictions.csv,test_predictions.csv,.csv,689656,2026-06-16 22:45:18,prediction,task1
outputs/runs/task1/bert_base_task1_bert_base_uncased_task1_seed42_20260617_004218/artifacts/test_probabilities.npy,test_probabilities.npy,.npy,3824,2026-06-16 22:45:19,prediction,task1
outputs/runs/task1/deberta_v3_base_task1_microsoft_deberta_v3_base_task1_seed42_20260617_004551/artifacts/dev_logits.npy,dev_logits.npy,.npy,8408,2026-06-16 22:49:21,prediction,task1
outputs/runs/task1/deberta_v3_base_task1_microsoft_deberta_v3_base_task1_seed42_20260617_004551/artifacts/dev_predictions.csv,dev_predictions.csv,.csv,1529572,2026-06-16 22:49:21,prediction,task1
outputs/runs/task1/deberta_v3_base_task1_microsoft_deberta_v3_base_task1_seed42_20260617_004551/artifacts/dev_probabilities.npy,dev_probabilities.npy,.npy,8408,2026-06-16 22:49:21,prediction,task1
outputs/runs/task1/deberta_v3_base_task1_microsoft_deberta_v3_base_task1_seed42_20260617_004551/artifacts/test_logits.npy,test_logits.npy,.npy,3824,2026-06-16 22:49:22,prediction,task1
outputs/runs/task1/deberta_v3_base_task1_microsoft_deberta_v3_base_task1_seed42_20260617_004551/artifacts/test_predictions.csv,test_predictions.csv,.csv,683932,2026-06-16 22:49:22,prediction,task1
outputs/runs/task1/deberta_v3_base_task1_microsoft_deberta_v3_base_task1_seed42_20260617_004551/artifacts/test_probabilities.npy,test_probabilities.npy,.npy,3824,2026-06-16 22:49:22,prediction,task1
outputs/runs/task1/deberta_v3_base_task1_politician_answer_microsoft_deberta_v3_base_task1_seed42_20260617_005355/artifacts/dev_logits.npy,dev_logits.npy,.npy,8408,2026-06-16 22:57:19,prediction,task1
outputs/runs/task1/deberta_v3_base_task1_politician_answer_microsoft_deberta_v3_base_task1_seed42_20260617_005355/artifacts/dev_predictions.csv,dev_predictions.csv,.csv,1529293,2026-06-16 22:57:19,prediction,task1
outputs/runs/task1/deberta_v3_base_task1_politician_answer_microsoft_deberta_v3_base_task1_seed42_20260617_005355/artifacts/dev_probabilities.npy,dev_probabilities.npy,.npy,8408,2026-06-16 22:57:19,prediction,task1
outputs/runs/task1/deberta_v3_base_task1_politician_answer_microsoft_deberta_v3_base_task1_seed42_20260617_005355/artifacts/test_logits.npy,test_logits.npy,.npy,3824,2026-06-16 22:57:20,prediction,task1
outputs/runs/task1/deberta_v3_base_task1_politician_answer_microsoft_deberta_v3_base_task1_seed42_20260617_005355/artifacts/test_predictions.csv,test_predictions.csv,.csv,683669,2026-06-16 22:57:20,prediction,task1
outputs/runs/task1/deberta_v3_base_task1_politician_answer_microsoft_deberta_v3_base_task1_seed42_20260617_005355/artifacts/test_probabilities.npy,test_probabilities.npy,.npy,3824,2026-06-16 22:57:20,prediction,task1
outputs/runs/task1/deberta_v3_base_task1_weighted_microsoft_deberta_v3_base_task1_seed42_20260617_004953/artifacts/dev_logits.npy,dev_logits.npy,.npy,8408,2026-06-16 22:53:14,prediction,task1
outputs/runs/task1/deberta_v3_base_task1_weighted_microsoft_deberta_v3_base_task1_seed42_20260617_004953/artifacts/dev_predictions.csv,dev_predictions.csv,.csv,1529969,2026-06-16 22:53:14,prediction,task1
outputs/runs/task1/deberta_v3_base_task1_weighted_microsoft_deberta_v3_base_task1_seed42_20260617_004953/artifacts/dev_probabilities.npy,dev_probabilities.npy,.npy,8408,2026-06-16 22:53:14,prediction,task1
outputs/runs/task1/deberta_v3_base_task1_weighted_microsoft_deberta_v3_base_task1_seed42_20260617_004953/artifacts/test_logits.npy,test_logits.npy,.npy,3824,2026-06-16 22:53:15,prediction,task1
outputs/runs/task1/deberta_v3_base_task1_weighted_microsoft_deberta_v3_base_task1_seed42_20260617_004953/artifacts/test_predictions.csv,test_predictions.csv,.csv,684181,2026-06-16 22:53:15,prediction,task1
outputs/runs/task1/deberta_v3_base_task1_weighted_microsoft_deberta_v3_base_task1_seed42_20260617_004953/artifacts/test_probabilities.npy,test_probabilities.npy,.npy,3824,2026-06-16 22:53:15,prediction,task1
outputs/runs/task1/deberta_v3_large_task1_microsoft_deberta_v3_large_task1_seed42_20260617_004218/artifacts/dev_logits.npy,dev_logits.npy,.npy,8408,2026-06-16 22:56:10,prediction,task1
outputs/runs/task1/deberta_v3_large_task1_microsoft_deberta_v3_large_task1_seed42_20260617_004218/artifacts/dev_predictions.csv,dev_predictions.csv,.csv,1529227,2026-06-16 22:56:10,prediction,task1
outputs/runs/task1/deberta_v3_large_task1_microsoft_deberta_v3_large_task1_seed42_20260617_004218/artifacts/dev_probabilities.npy,dev_probabilities.npy,.npy,8408,2026-06-16 22:56:10,prediction,task1
outputs/runs/task1/deberta_v3_large_task1_microsoft_deberta_v3_large_task1_seed42_20260617_004218/artifacts/test_logits.npy,test_logits.npy,.npy,3824,2026-06-16 22:56:13,prediction,task1
outputs/runs/task1/deberta_v3_large_task1_microsoft_deberta_v3_large_task1_seed42_20260617_004218/artifacts/test_predictions.csv,test_predictions.csv,.csv,683721,2026-06-16 22:56:13,prediction,task1
outputs/runs/task1/deberta_v3_large_task1_microsoft_deberta_v3_large_task1_seed42_20260617_004218/artifacts/test_probabilities.npy,test_probabilities.npy,.npy,3824,2026-06-16 22:56:13,prediction,task1
outputs/runs/task1/deberta_xlarge_task1_microsoft_deberta_xlarge_task1_seed42_20260617_005356/artifacts/dev_logits.npy,dev_logits.npy,.npy,8408,2026-06-16 23:49:03,prediction,task1
outputs/runs/task1/deberta_xlarge_task1_microsoft_deberta_xlarge_task1_seed42_20260617_005356/artifacts/dev_predictions.csv,dev_predictions.csv,.csv,1542989,2026-06-16 23:49:03,prediction,task1
outputs/runs/task1/deberta_xlarge_task1_microsoft_deberta_xlarge_task1_seed42_20260617_005356/artifacts/dev_probabilities.npy,dev_probabilities.npy,.npy,8408,2026-06-16 23:49:03,prediction,task1
outputs/runs/task1/deberta_xlarge_task1_microsoft_deberta_xlarge_task1_seed42_20260617_005356/artifacts/test_logits.npy,test_logits.npy,.npy,3824,2026-06-16 23:49:14,prediction,task1
outputs/runs/task1/deberta_xlarge_task1_microsoft_deberta_xlarge_task1_seed42_20260617_005356/artifacts/test_predictions.csv,test_predictions.csv,.csv,689953,2026-06-16 23:49:14,prediction,task1
outputs/runs/task1/deberta_xlarge_task1_microsoft_deberta_xlarge_task1_seed42_20260617_005356/artifacts/test_probabilities.npy,test_probabilities.npy,.npy,3824,2026-06-16 23:49:14,prediction,task1
outputs/runs/task1/roberta_large_task1_roberta_large_task1_seed42_20260617_004215/artifacts/dev_logits.npy,dev_logits.npy,.npy,8408,2026-06-16 22:52:49,prediction,task1
outputs/runs/task1/roberta_large_task1_roberta_large_task1_seed42_20260617_004215/artifacts/dev_predictions.csv,dev_predictions.csv,.csv,1528925,2026-06-16 22:52:49,prediction,task1
outputs/runs/task1/roberta_large_task1_roberta_large_task1_seed42_20260617_004215/artifacts/dev_probabilities.npy,dev_probabilities.npy,.npy,8408,2026-06-16 22:52:49,prediction,task1
outputs/runs/task1/roberta_large_task1_roberta_large_task1_seed42_20260617_004215/artifacts/test_logits.npy,test_logits.npy,.npy,3824,2026-06-16 22:52:50,prediction,task1
outputs/runs/task1/roberta_large_task1_roberta_large_task1_seed42_20260617_004215/artifacts/test_predictions.csv,test_predictions.csv,.csv,683634,2026-06-16 22:52:50,prediction,task1
outputs/runs/task1/roberta_large_task1_roberta_large_task1_seed42_20260617_004215/artifacts/test_probabilities.npy,test_probabilities.npy,.npy,3824,2026-06-16 22:52:50,prediction,task1
outputs/runs/task2/bert_base_task2_bert_base_uncased_task2_seed42_20260617_004218/artifacts/dev_logits.npy,dev_logits.npy,.npy,24968,2026-06-16 22:45:18,prediction,task2
outputs/runs/task2/bert_base_task2_bert_base_uncased_task2_seed42_20260617_004218/artifacts/dev_predictions.csv,dev_predictions.csv,.csv,1595363,2026-06-16 22:45:18,prediction,task2
outputs/runs/task2/bert_base_task2_bert_base_uncased_task2_seed42_20260617_004218/artifacts/dev_probabilities.npy,dev_probabilities.npy,.npy,24968,2026-06-16 22:45:18,prediction,task2
outputs/runs/task2/bert_base_task2_bert_base_uncased_task2_seed42_20260617_004218/artifacts/test_logits.npy,test_logits.npy,.npy,11216,2026-06-16 22:45:19,prediction,task2
outputs/runs/task2/bert_base_task2_bert_base_uncased_task2_seed42_20260617_004218/artifacts/test_predictions.csv,test_predictions.csv,.csv,780956,2026-06-16 22:45:19,prediction,task2
outputs/runs/task2/bert_base_task2_bert_base_uncased_task2_seed42_20260617_004218/artifacts/test_probabilities.npy,test_probabilities.npy,.npy,11216,2026-06-16 22:45:19,prediction,task2
outputs/runs/task2/deberta_v3_base_task2_microsoft_deberta_v3_base_task2_seed42_20260617_004551/artifacts/dev_logits.npy,dev_logits.npy,.npy,24968,2026-06-16 22:49:22,prediction,task2
outputs/runs/task2/deberta_v3_base_task2_microsoft_deberta_v3_base_task2_seed42_20260617_004551/artifacts/dev_predictions.csv,dev_predictions.csv,.csv,1556655,2026-06-16 22:49:22,prediction,task2
outputs/runs/task2/deberta_v3_base_task2_microsoft_deberta_v3_base_task2_seed42_20260617_004551/artifacts/dev_probabilities.npy,dev_probabilities.npy,.npy,24968,2026-06-16 22:49:22,prediction,task2
outputs/runs/task2/deberta_v3_base_task2_microsoft_deberta_v3_base_task2_seed42_20260617_004551/artifacts/test_logits.npy,test_logits.npy,.npy,11216,2026-06-16 22:49:23,prediction,task2
outputs/runs/task2/deberta_v3_base_task2_microsoft_deberta_v3_base_task2_seed42_20260617_004551/artifacts/test_predictions.csv,test_predictions.csv,.csv,763864,2026-06-16 22:49:23,prediction,task2
outputs/runs/task2/deberta_v3_base_task2_microsoft_deberta_v3_base_task2_seed42_20260617_004551/artifacts/test_probabilities.npy,test_probabilities.npy,.npy,11216,2026-06-16 22:49:23,prediction,task2
outputs/runs/task2/deberta_v3_base_task2_politician_answer_microsoft_deberta_v3_base_task2_seed42_20260617_005355/artifacts/dev_logits.npy,dev_logits.npy,.npy,24968,2026-06-16 22:57:19,prediction,task2
outputs/runs/task2/deberta_v3_base_task2_politician_answer_microsoft_deberta_v3_base_task2_seed42_20260617_005355/artifacts/dev_predictions.csv,dev_predictions.csv,.csv,1556622,2026-06-16 22:57:19,prediction,task2
outputs/runs/task2/deberta_v3_base_task2_politician_answer_microsoft_deberta_v3_base_task2_seed42_20260617_005355/artifacts/dev_probabilities.npy,dev_probabilities.npy,.npy,24968,2026-06-16 22:57:19,prediction,task2
outputs/runs/task2/deberta_v3_base_task2_politician_answer_microsoft_deberta_v3_base_task2_seed42_20260617_005355/artifacts/test_logits.npy,test_logits.npy,.npy,11216,2026-06-16 22:57:20,prediction,task2
outputs/runs/task2/deberta_v3_base_task2_politician_answer_microsoft_deberta_v3_base_task2_seed42_20260617_005355/artifacts/test_predictions.csv,test_predictions.csv,.csv,763260,2026-06-16 22:57:20,prediction,task2
outputs/runs/task2/deberta_v3_base_task2_politician_answer_microsoft_deberta_v3_base_task2_seed42_20260617_005355/artifacts/test_probabilities.npy,test_probabilities.npy,.npy,11216,2026-06-16 22:57:20,prediction,task2
outputs/runs/task2/deberta_v3_base_task2_weighted_microsoft_deberta_v3_base_task2_seed42_20260617_004953/artifacts/dev_logits.npy,dev_logits.npy,.npy,24968,2026-06-16 22:53:14,prediction,task2
outputs/runs/task2/deberta_v3_base_task2_weighted_microsoft_deberta_v3_base_task2_seed42_20260617_004953/artifacts/dev_predictions.csv,dev_predictions.csv,.csv,1556219,2026-06-16 22:53:14,prediction,task2
outputs/runs/task2/deberta_v3_base_task2_weighted_microsoft_deberta_v3_base_task2_seed42_20260617_004953/artifacts/dev_probabilities.npy,dev_probabilities.npy,.npy,24968,2026-06-16 22:53:14,prediction,task2
outputs/runs/task2/deberta_v3_base_task2_weighted_microsoft_deberta_v3_base_task2_seed42_20260617_004953/artifacts/test_logits.npy,test_logits.npy,.npy,11216,2026-06-16 22:53:15,prediction,task2
outputs/runs/task2/deberta_v3_base_task2_weighted_microsoft_deberta_v3_base_task2_seed42_20260617_004953/artifacts/test_predictions.csv,test_predictions.csv,.csv,764219,2026-06-16 22:53:15,prediction,task2
outputs/runs/task2/deberta_v3_base_task2_weighted_microsoft_deberta_v3_base_task2_seed42_20260617_004953/artifacts/test_probabilities.npy,test_probabilities.npy,.npy,11216,2026-06-16 22:53:15,prediction,task2
outputs/runs/task2/deberta_v3_large_task2_microsoft_deberta_v3_large_task2_seed42_20260617_005310/artifacts/dev_logits.npy,dev_logits.npy,.npy,24968,2026-06-16 23:06:54,prediction,task2
outputs/runs/task2/deberta_v3_large_task2_microsoft_deberta_v3_large_task2_seed42_20260617_005310/artifacts/dev_predictions.csv,dev_predictions.csv,.csv,1557640,2026-06-16 23:06:54,prediction,task2
outputs/runs/task2/deberta_v3_large_task2_microsoft_deberta_v3_large_task2_seed42_20260617_005310/artifacts/dev_probabilities.npy,dev_probabilities.npy,.npy,24968,2026-06-16 23:06:54,prediction,task2
outputs/runs/task2/deberta_v3_large_task2_microsoft_deberta_v3_large_task2_seed42_20260617_005310/artifacts/test_logits.npy,test_logits.npy,.npy,11216,2026-06-16 23:06:58,prediction,task2
outputs/runs/task2/deberta_v3_large_task2_microsoft_deberta_v3_large_task2_seed42_20260617_005310/artifacts/test_predictions.csv,test_predictions.csv,.csv,763827,2026-06-16 23:06:57,prediction,task2
outputs/runs/task2/deberta_v3_large_task2_microsoft_deberta_v3_large_task2_seed42_20260617_005310/artifacts/test_probabilities.npy,test_probabilities.npy,.npy,11216,2026-06-16 23:06:58,prediction,task2
outputs/runs/task2/deberta_xlarge_task2_microsoft_deberta_xlarge_task2_seed42_20260617_005705/artifacts/dev_logits.npy,dev_logits.npy,.npy,24968,2026-06-16 23:53:48,prediction,task2
outputs/runs/task2/deberta_xlarge_task2_microsoft_deberta_xlarge_task2_seed42_20260617_005705/artifacts/dev_predictions.csv,dev_predictions.csv,.csv,1596343,2026-06-16 23:53:48,prediction,task2
outputs/runs/task2/deberta_xlarge_task2_microsoft_deberta_xlarge_task2_seed42_20260617_005705/artifacts/dev_probabilities.npy,dev_probabilities.npy,.npy,24968,2026-06-16 23:53:48,prediction,task2
outputs/runs/task2/deberta_xlarge_task2_microsoft_deberta_xlarge_task2_seed42_20260617_005705/artifacts/test_logits.npy,test_logits.npy,.npy,11216,2026-06-16 23:53:59,prediction,task2
outputs/runs/task2/deberta_xlarge_task2_microsoft_deberta_xlarge_task2_seed42_20260617_005705/artifacts/test_predictions.csv,test_predictions.csv,.csv,781230,2026-06-16 23:53:59,prediction,task2
outputs/runs/task2/deberta_xlarge_task2_microsoft_deberta_xlarge_task2_seed42_20260617_005705/artifacts/test_probabilities.npy,test_probabilities.npy,.npy,11216,2026-06-16 23:53:59,prediction,task2
outputs/runs/task2/roberta_large_task2_roberta_large_task2_seed42_20260617_004218/artifacts/dev_logits.npy,dev_logits.npy,.npy,24968,2026-06-16 22:53:03,prediction,task2
outputs/runs/task2/roberta_large_task2_roberta_large_task2_seed42_20260617_004218/artifacts/dev_predictions.csv,dev_predictions.csv,.csv,1556125,2026-06-16 22:53:03,prediction,task2
outputs/runs/task2/roberta_large_task2_roberta_large_task2_seed42_20260617_004218/artifacts/dev_probabilities.npy,dev_probabilities.npy,.npy,24968,2026-06-16 22:53:03,prediction,task2
outputs/runs/task2/roberta_large_task2_roberta_large_task2_seed42_20260617_004218/artifacts/test_logits.npy,test_logits.npy,.npy,11216,2026-06-16 22:53:05,prediction,task2
outputs/runs/task2/roberta_large_task2_roberta_large_task2_seed42_20260617_004218/artifacts/test_predictions.csv,test_predictions.csv,.csv,763308,2026-06-16 22:53:05,prediction,task2
outputs/runs/task2/roberta_large_task2_roberta_large_task2_seed42_20260617_004218/artifacts/test_probabilities.npy,test_probabilities.npy,.npy,11216,2026-06-16 22:53:05,prediction,task2
outputs/runs/multitask/deberta_v3_base_multitask_microsoft_deberta_v3_base_multitask_seed42_20260617_005757/artifacts/task1/dev_classification_report.json,dev_classification_report.json,.json,782,2026-06-16 23:01:18,score,both
outputs/runs/multitask/deberta_v3_base_multitask_microsoft_deberta_v3_base_multitask_seed42_20260617_005757/artifacts/task1/dev_confusion_matrix.json,dev_confusion_matrix.json,.json,224,2026-06-16 23:01:18,score,both
outputs/runs/multitask/deberta_v3_base_multitask_microsoft_deberta_v3_base_multitask_seed42_20260617_005757/artifacts/task1/dev_metrics.json,dev_metrics.json,.json,2097,2026-06-16 23:01:18,score,both
outputs/runs/multitask/deberta_v3_base_multitask_microsoft_deberta_v3_base_multitask_seed42_20260617_005757/artifacts/task1/test_classification_report.json,test_classification_report.json,.json,782,2026-06-16 23:01:19,score,both
outputs/runs/multitask/deberta_v3_base_multitask_microsoft_deberta_v3_base_multitask_seed42_20260617_005757/artifacts/task1/test_confusion_matrix.json,test_confusion_matrix.json,.json,221,2026-06-16 23:01:19,score,both
outputs/runs/multitask/deberta_v3_base_multitask_microsoft_deberta_v3_base_multitask_seed42_20260617_005757/artifacts/task1/test_metrics.json,test_metrics.json,.json,2092,2026-06-16 23:01:19,score,both
outputs/runs/multitask/deberta_v3_base_multitask_microsoft_deberta_v3_base_multitask_seed42_20260617_005757/artifacts/task2/dev_classification_report.json,dev_classification_report.json,.json,1583,2026-06-16 23:01:18,score,both
outputs/runs/multitask/deberta_v3_base_multitask_microsoft_deberta_v3_base_multitask_seed42_20260617_005757/artifacts/task2/dev_confusion_matrix.json,dev_confusion_matrix.json,.json,1071,2026-06-16 23:01:18,score,both
outputs/runs/multitask/deberta_v3_base_multitask_microsoft_deberta_v3_base_multitask_seed42_20260617_005757/artifacts/task2/dev_metrics.json,dev_metrics.json,.json,4540,2026-06-16 23:01:18,score,both
outputs/runs/multitask/deberta_v3_base_multitask_microsoft_deberta_v3_base_multitask_seed42_20260617_005757/artifacts/task2/test_classification_report.json,test_classification_report.json,.json,1521,2026-06-16 23:01:19,score,both
outputs/runs/multitask/deberta_v3_base_multitask_microsoft_deberta_v3_base_multitask_seed42_20260617_005757/artifacts/task2/test_confusion_matrix.json,test_confusion_matrix.json,.json,1062,2026-06-16 23:01:19,score,both
outputs/runs/multitask/deberta_v3_base_multitask_microsoft_deberta_v3_base_multitask_seed42_20260617_005757/artifacts/task2/test_metrics.json,test_metrics.json,.json,6468,2026-06-16 23:01:19,score,both
outputs/runs/multitask/deberta_v3_base_multitask_microsoft_deberta_v3_base_multitask_seed42_20260617_005757/results_summary.json,results_summary.json,.json,18618,2026-06-16 23:01:19,score,both
outputs/runs/task1/bert_base_task1_bert_base_uncased_task1_seed42_20260617_004218/artifacts/dev_classification_report.json,dev_classification_report.json,.json,799,2026-06-16 22:45:17,score,task1
outputs/runs/task1/bert_base_task1_bert_base_uncased_task1_seed42_20260617_004218/artifacts/dev_confusion_matrix.json,dev_confusion_matrix.json,.json,224,2026-06-16 22:45:17,score,task1
outputs/runs/task1/bert_base_task1_bert_base_uncased_task1_seed42_20260617_004218/artifacts/dev_metrics.json,dev_metrics.json,.json,2130,2026-06-16 22:45:17,score,task1
outputs/runs/task1/bert_base_task1_bert_base_uncased_task1_seed42_20260617_004218/artifacts/test_classification_report.json,test_classification_report.json,.json,768,2026-06-16 22:45:19,score,task1
outputs/runs/task1/bert_base_task1_bert_base_uncased_task1_seed42_20260617_004218/artifacts/test_confusion_matrix.json,test_confusion_matrix.json,.json,222,2026-06-16 22:45:19,score,task1
outputs/runs/task1/bert_base_task1_bert_base_uncased_task1_seed42_20260617_004218/artifacts/test_metrics.json,test_metrics.json,.json,2064,2026-06-16 22:45:19,score,task1
outputs/runs/task1/bert_base_task1_bert_base_uncased_task1_seed42_20260617_004218/results_summary.json,results_summary.json,.json,4767,2026-06-16 22:45:19,score,task1
outputs/runs/task1/deberta_v3_base_task1_microsoft_deberta_v3_base_task1_seed42_20260617_004551/artifacts/dev_classification_report.json,dev_classification_report.json,.json,782,2026-06-16 22:49:21,score,task1
outputs/runs/task1/deberta_v3_base_task1_microsoft_deberta_v3_base_task1_seed42_20260617_004551/artifacts/dev_confusion_matrix.json,dev_confusion_matrix.json,.json,224,2026-06-16 22:49:21,score,task1
outputs/runs/task1/deberta_v3_base_task1_microsoft_deberta_v3_base_task1_seed42_20260617_004551/artifacts/dev_metrics.json,dev_metrics.json,.json,2094,2026-06-16 22:49:21,score,task1
outputs/runs/task1/deberta_v3_base_task1_microsoft_deberta_v3_base_task1_seed42_20260617_004551/artifacts/test_classification_report.json,test_classification_report.json,.json,796,2026-06-16 22:49:22,score,task1
outputs/runs/task1/deberta_v3_base_task1_microsoft_deberta_v3_base_task1_seed42_20260617_004551/artifacts/test_confusion_matrix.json,test_confusion_matrix.json,.json,222,2026-06-16 22:49:22,score,task1
outputs/runs/task1/deberta_v3_base_task1_microsoft_deberta_v3_base_task1_seed42_20260617_004551/artifacts/test_metrics.json,test_metrics.json,.json,2121,2026-06-16 22:49:22,score,task1
outputs/runs/task1/deberta_v3_base_task1_microsoft_deberta_v3_base_task1_seed42_20260617_004551/results_summary.json,results_summary.json,.json,4816,2026-06-16 22:49:22,score,task1
outputs/runs/task1/deberta_v3_base_task1_politician_answer_microsoft_deberta_v3_base_task1_seed42_20260617_005355/artifacts/dev_classification_report.json,dev_classification_report.json,.json,793,2026-06-16 22:57:19,score,task1
outputs/runs/task1/deberta_v3_base_task1_politician_answer_microsoft_deberta_v3_base_task1_seed42_20260617_005355/artifacts/dev_confusion_matrix.json,dev_confusion_matrix.json,.json,224,2026-06-16 22:57:19,score,task1
outputs/runs/task1/deberta_v3_base_task1_politician_answer_microsoft_deberta_v3_base_task1_seed42_20260617_005355/artifacts/dev_metrics.json,dev_metrics.json,.json,2118,2026-06-16 22:57:19,score,task1
outputs/runs/task1/deberta_v3_base_task1_politician_answer_microsoft_deberta_v3_base_task1_seed42_20260617_005355/artifacts/test_classification_report.json,test_classification_report.json,.json,795,2026-06-16 22:57:20,score,task1
outputs/runs/task1/deberta_v3_base_task1_politician_answer_microsoft_deberta_v3_base_task1_seed42_20260617_005355/artifacts/test_confusion_matrix.json,test_confusion_matrix.json,.json,223,2026-06-16 22:57:20,score,task1
outputs/runs/task1/deberta_v3_base_task1_politician_answer_microsoft_deberta_v3_base_task1_seed42_20260617_005355/artifacts/test_metrics.json,test_metrics.json,.json,2120,2026-06-16 22:57:20,score,task1
outputs/runs/task1/deberta_v3_base_task1_politician_answer_microsoft_deberta_v3_base_task1_seed42_20260617_005355/results_summary.json,results_summary.json,.json,4875,2026-06-16 22:57:20,score,task1
outputs/runs/task1/deberta_v3_base_task1_weighted_microsoft_deberta_v3_base_task1_seed42_20260617_004953/artifacts/dev_classification_report.json,dev_classification_report.json,.json,766,2026-06-16 22:53:14,score,task1
outputs/runs/task1/deberta_v3_base_task1_weighted_microsoft_deberta_v3_base_task1_seed42_20260617_004953/artifacts/dev_confusion_matrix.json,dev_confusion_matrix.json,.json,224,2026-06-16 22:53:14,score,task1
outputs/runs/task1/deberta_v3_base_task1_weighted_microsoft_deberta_v3_base_task1_seed42_20260617_004953/artifacts/dev_metrics.json,dev_metrics.json,.json,2064,2026-06-16 22:53:14,score,task1
outputs/runs/task1/deberta_v3_base_task1_weighted_microsoft_deberta_v3_base_task1_seed42_20260617_004953/artifacts/test_classification_report.json,test_classification_report.json,.json,781,2026-06-16 22:53:15,score,task1
outputs/runs/task1/deberta_v3_base_task1_weighted_microsoft_deberta_v3_base_task1_seed42_20260617_004953/artifacts/test_confusion_matrix.json,test_confusion_matrix.json,.json,222,2026-06-16 22:53:15,score,task1
outputs/runs/task1/deberta_v3_base_task1_weighted_microsoft_deberta_v3_base_task1_seed42_20260617_004953/artifacts/test_metrics.json,test_metrics.json,.json,2092,2026-06-16 22:53:15,score,task1
outputs/runs/task1/deberta_v3_base_task1_weighted_microsoft_deberta_v3_base_task1_seed42_20260617_004953/results_summary.json,results_summary.json,.json,4775,2026-06-16 22:53:15,score,task1
outputs/runs/task1/deberta_v3_large_task1_microsoft_deberta_v3_large_task1_seed42_20260617_004218/artifacts/dev_classification_report.json,dev_classification_report.json,.json,795,2026-06-16 22:56:10,score,task1
outputs/runs/task1/deberta_v3_large_task1_microsoft_deberta_v3_large_task1_seed42_20260617_004218/artifacts/dev_confusion_matrix.json,dev_confusion_matrix.json,.json,224,2026-06-16 22:56:10,score,task1
outputs/runs/task1/deberta_v3_large_task1_microsoft_deberta_v3_large_task1_seed42_20260617_004218/artifacts/dev_metrics.json,dev_metrics.json,.json,2122,2026-06-16 22:56:10,score,task1
outputs/runs/task1/deberta_v3_large_task1_microsoft_deberta_v3_large_task1_seed42_20260617_004218/artifacts/test_classification_report.json,test_classification_report.json,.json,795,2026-06-16 22:56:13,score,task1
outputs/runs/task1/deberta_v3_large_task1_microsoft_deberta_v3_large_task1_seed42_20260617_004218/artifacts/test_confusion_matrix.json,test_confusion_matrix.json,.json,223,2026-06-16 22:56:13,score,task1
outputs/runs/task1/deberta_v3_large_task1_microsoft_deberta_v3_large_task1_seed42_20260617_004218/artifacts/test_metrics.json,test_metrics.json,.json,2121,2026-06-16 22:56:13,score,task1
outputs/runs/task1/deberta_v3_large_task1_microsoft_deberta_v3_large_task1_seed42_20260617_004218/results_summary.json,results_summary.json,.json,4848,2026-06-16 22:56:13,score,task1
outputs/runs/task1/deberta_xlarge_task1_microsoft_deberta_xlarge_task1_seed42_20260617_005356/artifacts/dev_classification_report.json,dev_classification_report.json,.json,782,2026-06-16 23:49:04,score,task1
outputs/runs/task1/deberta_xlarge_task1_microsoft_deberta_xlarge_task1_seed42_20260617_005356/artifacts/dev_confusion_matrix.json,dev_confusion_matrix.json,.json,224,2026-06-16 23:49:04,score,task1
outputs/runs/task1/deberta_xlarge_task1_microsoft_deberta_xlarge_task1_seed42_20260617_005356/artifacts/dev_metrics.json,dev_metrics.json,.json,2097,2026-06-16 23:49:04,score,task1
outputs/runs/task1/deberta_xlarge_task1_microsoft_deberta_xlarge_task1_seed42_20260617_005356/artifacts/test_classification_report.json,test_classification_report.json,.json,795,2026-06-16 23:49:14,score,task1
outputs/runs/task1/deberta_xlarge_task1_microsoft_deberta_xlarge_task1_seed42_20260617_005356/artifacts/test_confusion_matrix.json,test_confusion_matrix.json,.json,222,2026-06-16 23:49:14,score,task1
outputs/runs/task1/deberta_xlarge_task1_microsoft_deberta_xlarge_task1_seed42_20260617_005356/artifacts/test_metrics.json,test_metrics.json,.json,2120,2026-06-16 23:49:14,score,task1
outputs/runs/task1/deberta_xlarge_task1_microsoft_deberta_xlarge_task1_seed42_20260617_005356/results_summary.json,results_summary.json,.json,4814,2026-06-16 23:49:14,score,task1
outputs/runs/task1/roberta_large_task1_roberta_large_task1_seed42_20260617_004215/artifacts/dev_classification_report.json,dev_classification_report.json,.json,793,2026-06-16 22:52:49,score,task1
outputs/runs/task1/roberta_large_task1_roberta_large_task1_seed42_20260617_004215/artifacts/dev_confusion_matrix.json,dev_confusion_matrix.json,.json,224,2026-06-16 22:52:49,score,task1
outputs/runs/task1/roberta_large_task1_roberta_large_task1_seed42_20260617_004215/artifacts/dev_metrics.json,dev_metrics.json,.json,2120,2026-06-16 22:52:49,score,task1
outputs/runs/task1/roberta_large_task1_roberta_large_task1_seed42_20260617_004215/artifacts/test_classification_report.json,test_classification_report.json,.json,769,2026-06-16 22:52:50,score,task1
outputs/runs/task1/roberta_large_task1_roberta_large_task1_seed42_20260617_004215/artifacts/test_confusion_matrix.json,test_confusion_matrix.json,.json,222,2026-06-16 22:52:50,score,task1
outputs/runs/task1/roberta_large_task1_roberta_large_task1_seed42_20260617_004215/artifacts/test_metrics.json,test_metrics.json,.json,2065,2026-06-16 22:52:50,score,task1
outputs/runs/task1/roberta_large_task1_roberta_large_task1_seed42_20260617_004215/results_summary.json,results_summary.json,.json,4758,2026-06-16 22:52:50,score,task1
outputs/runs/task2/bert_base_task2_bert_base_uncased_task2_seed42_20260617_004218/artifacts/dev_classification_report.json,dev_classification_report.json,.json,1659,2026-06-16 22:45:18,score,task2
outputs/runs/task2/bert_base_task2_bert_base_uncased_task2_seed42_20260617_004218/artifacts/dev_confusion_matrix.json,dev_confusion_matrix.json,.json,1073,2026-06-16 22:45:18,score,task2
outputs/runs/task2/bert_base_task2_bert_base_uncased_task2_seed42_20260617_004218/artifacts/dev_metrics.json,dev_metrics.json,.json,4697,2026-06-16 22:45:18,score,task2
outputs/runs/task2/bert_base_task2_bert_base_uncased_task2_seed42_20260617_004218/artifacts/test_classification_report.json,test_classification_report.json,.json,1566,2026-06-16 22:45:19,score,task2
outputs/runs/task2/bert_base_task2_bert_base_uncased_task2_seed42_20260617_004218/artifacts/test_confusion_matrix.json,test_confusion_matrix.json,.json,1060,2026-06-16 22:45:19,score,task2
outputs/runs/task2/bert_base_task2_bert_base_uncased_task2_seed42_20260617_004218/artifacts/test_metrics.json,test_metrics.json,.json,6478,2026-06-16 22:45:19,score,task2
outputs/runs/task2/bert_base_task2_bert_base_uncased_task2_seed42_20260617_004218/results_summary.json,results_summary.json,.json,12628,2026-06-16 22:45:19,score,task2
outputs/runs/task2/deberta_v3_base_task2_microsoft_deberta_v3_base_task2_seed42_20260617_004551/artifacts/dev_classification_report.json,dev_classification_report.json,.json,1604,2026-06-16 22:49:22,score,task2
outputs/runs/task2/deberta_v3_base_task2_microsoft_deberta_v3_base_task2_seed42_20260617_004551/artifacts/dev_confusion_matrix.json,dev_confusion_matrix.json,.json,1072,2026-06-16 22:49:22,score,task2
outputs/runs/task2/deberta_v3_base_task2_microsoft_deberta_v3_base_task2_seed42_20260617_004551/artifacts/dev_metrics.json,dev_metrics.json,.json,4583,2026-06-16 22:49:22,score,task2
outputs/runs/task2/deberta_v3_base_task2_microsoft_deberta_v3_base_task2_seed42_20260617_004551/artifacts/test_classification_report.json,test_classification_report.json,.json,1481,2026-06-16 22:49:23,score,task2
outputs/runs/task2/deberta_v3_base_task2_microsoft_deberta_v3_base_task2_seed42_20260617_004551/artifacts/test_confusion_matrix.json,test_confusion_matrix.json,.json,1063,2026-06-16 22:49:23,score,task2
outputs/runs/task2/deberta_v3_base_task2_microsoft_deberta_v3_base_task2_seed42_20260617_004551/artifacts/test_metrics.json,test_metrics.json,.json,6374,2026-06-16 22:49:23,score,task2
outputs/runs/task2/deberta_v3_base_task2_microsoft_deberta_v3_base_task2_seed42_20260617_004551/results_summary.json,results_summary.json,.json,12438,2026-06-16 22:49:23,score,task2
outputs/runs/task2/deberta_v3_base_task2_politician_answer_microsoft_deberta_v3_base_task2_seed42_20260617_005355/artifacts/dev_classification_report.json,dev_classification_report.json,.json,1568,2026-06-16 22:57:19,score,task2
outputs/runs/task2/deberta_v3_base_task2_politician_answer_microsoft_deberta_v3_base_task2_seed42_20260617_005355/artifacts/dev_confusion_matrix.json,dev_confusion_matrix.json,.json,1075,2026-06-16 22:57:19,score,task2
outputs/runs/task2/deberta_v3_base_task2_politician_answer_microsoft_deberta_v3_base_task2_seed42_20260617_005355/artifacts/dev_metrics.json,dev_metrics.json,.json,4516,2026-06-16 22:57:19,score,task2
outputs/runs/task2/deberta_v3_base_task2_politician_answer_microsoft_deberta_v3_base_task2_seed42_20260617_005355/artifacts/test_classification_report.json,test_classification_report.json,.json,1472,2026-06-16 22:57:20,score,task2
outputs/runs/task2/deberta_v3_base_task2_politician_answer_microsoft_deberta_v3_base_task2_seed42_20260617_005355/artifacts/test_confusion_matrix.json,test_confusion_matrix.json,.json,1063,2026-06-16 22:57:20,score,task2
outputs/runs/task2/deberta_v3_base_task2_politician_answer_microsoft_deberta_v3_base_task2_seed42_20260617_005355/artifacts/test_metrics.json,test_metrics.json,.json,6352,2026-06-16 22:57:20,score,task2
outputs/runs/task2/deberta_v3_base_task2_politician_answer_microsoft_deberta_v3_base_task2_seed42_20260617_005355/results_summary.json,results_summary.json,.json,12385,2026-06-16 22:57:20,score,task2
outputs/runs/task2/deberta_v3_base_task2_weighted_microsoft_deberta_v3_base_task2_seed42_20260617_004953/artifacts/dev_classification_report.json,dev_classification_report.json,.json,1646,2026-06-16 22:53:14,score,task2
outputs/runs/task2/deberta_v3_base_task2_weighted_microsoft_deberta_v3_base_task2_seed42_20260617_004953/artifacts/dev_confusion_matrix.json,dev_confusion_matrix.json,.json,1077,2026-06-16 22:53:14,score,task2
outputs/runs/task2/deberta_v3_base_task2_weighted_microsoft_deberta_v3_base_task2_seed42_20260617_004953/artifacts/dev_metrics.json,dev_metrics.json,.json,4675,2026-06-16 22:53:14,score,task2
outputs/runs/task2/deberta_v3_base_task2_weighted_microsoft_deberta_v3_base_task2_seed42_20260617_004953/artifacts/test_classification_report.json,test_classification_report.json,.json,1575,2026-06-16 22:53:15,score,task2
outputs/runs/task2/deberta_v3_base_task2_weighted_microsoft_deberta_v3_base_task2_seed42_20260617_004953/artifacts/test_confusion_matrix.json,test_confusion_matrix.json,.json,1064,2026-06-16 22:53:15,score,task2
outputs/runs/task2/deberta_v3_base_task2_weighted_microsoft_deberta_v3_base_task2_seed42_20260617_004953/artifacts/test_metrics.json,test_metrics.json,.json,6560,2026-06-16 22:53:15,score,task2
outputs/runs/task2/deberta_v3_base_task2_weighted_microsoft_deberta_v3_base_task2_seed42_20260617_004953/results_summary.json,results_summary.json,.json,12734,2026-06-16 22:53:15,score,task2
outputs/runs/task2/deberta_v3_large_task2_microsoft_deberta_v3_large_task2_seed42_20260617_005310/artifacts/dev_classification_report.json,dev_classification_report.json,.json,1648,2026-06-16 23:06:54,score,task2
outputs/runs/task2/deberta_v3_large_task2_microsoft_deberta_v3_large_task2_seed42_20260617_005310/artifacts/dev_confusion_matrix.json,dev_confusion_matrix.json,.json,1074,2026-06-16 23:06:54,score,task2
outputs/runs/task2/deberta_v3_large_task2_microsoft_deberta_v3_large_task2_seed42_20260617_005310/artifacts/dev_metrics.json,dev_metrics.json,.json,4674,2026-06-16 23:06:54,score,task2
outputs/runs/task2/deberta_v3_large_task2_microsoft_deberta_v3_large_task2_seed42_20260617_005310/artifacts/test_classification_report.json,test_classification_report.json,.json,1565,2026-06-16 23:06:58,score,task2
outputs/runs/task2/deberta_v3_large_task2_microsoft_deberta_v3_large_task2_seed42_20260617_005310/artifacts/test_confusion_matrix.json,test_confusion_matrix.json,.json,1061,2026-06-16 23:06:58,score,task2
outputs/runs/task2/deberta_v3_large_task2_microsoft_deberta_v3_large_task2_seed42_20260617_005310/artifacts/test_metrics.json,test_metrics.json,.json,6477,2026-06-16 23:06:58,score,task2
outputs/runs/task2/deberta_v3_large_task2_microsoft_deberta_v3_large_task2_seed42_20260617_005310/results_summary.json,results_summary.json,.json,12636,2026-06-16 23:06:58,score,task2
outputs/runs/task2/deberta_xlarge_task2_microsoft_deberta_xlarge_task2_seed42_20260617_005705/artifacts/dev_classification_report.json,dev_classification_report.json,.json,1647,2026-06-16 23:53:48,score,task2
outputs/runs/task2/deberta_xlarge_task2_microsoft_deberta_xlarge_task2_seed42_20260617_005705/artifacts/dev_confusion_matrix.json,dev_confusion_matrix.json,.json,1076,2026-06-16 23:53:48,score,task2
outputs/runs/task2/deberta_xlarge_task2_microsoft_deberta_xlarge_task2_seed42_20260617_005705/artifacts/dev_metrics.json,dev_metrics.json,.json,4675,2026-06-16 23:53:48,score,task2
outputs/runs/task2/deberta_xlarge_task2_microsoft_deberta_xlarge_task2_seed42_20260617_005705/artifacts/test_classification_report.json,test_classification_report.json,.json,1489,2026-06-16 23:53:59,score,task2
outputs/runs/task2/deberta_xlarge_task2_microsoft_deberta_xlarge_task2_seed42_20260617_005705/artifacts/test_confusion_matrix.json,test_confusion_matrix.json,.json,1062,2026-06-16 23:53:59,score,task2
outputs/runs/task2/deberta_xlarge_task2_microsoft_deberta_xlarge_task2_seed42_20260617_005705/artifacts/test_metrics.json,test_metrics.json,.json,6435,2026-06-16 23:53:59,score,task2
outputs/runs/task2/deberta_xlarge_task2_microsoft_deberta_xlarge_task2_seed42_20260617_005705/results_summary.json,results_summary.json,.json,12587,2026-06-16 23:53:59,score,task2
outputs/runs/task2/roberta_large_task2_roberta_large_task2_seed42_20260617_004218/artifacts/dev_classification_report.json,dev_classification_report.json,.json,1661,2026-06-16 22:53:03,score,task2
outputs/runs/task2/roberta_large_task2_roberta_large_task2_seed42_20260617_004218/artifacts/dev_confusion_matrix.json,dev_confusion_matrix.json,.json,1074,2026-06-16 22:53:03,score,task2
outputs/runs/task2/roberta_large_task2_roberta_large_task2_seed42_20260617_004218/artifacts/dev_metrics.json,dev_metrics.json,.json,4699,2026-06-16 22:53:03,score,task2
outputs/runs/task2/roberta_large_task2_roberta_large_task2_seed42_20260617_004218/artifacts/test_classification_report.json,test_classification_report.json,.json,1593,2026-06-16 22:53:05,score,task2
outputs/runs/task2/roberta_large_task2_roberta_large_task2_seed42_20260617_004218/artifacts/test_confusion_matrix.json,test_confusion_matrix.json,.json,1061,2026-06-16 22:53:05,score,task2
outputs/runs/task2/roberta_large_task2_roberta_large_task2_seed42_20260617_004218/artifacts/test_metrics.json,test_metrics.json,.json,6622,2026-06-16 22:53:05,score,task2
outputs/runs/task2/roberta_large_task2_roberta_large_task2_seed42_20260617_004218/results_summary.json,results_summary.json,.json,12774,2026-06-16 22:53:05,score,task2
outputs/runs/multitask/deberta_v3_base_multitask_microsoft_deberta_v3_base_multitask_seed42_20260617_005757/best_model/added_tokens.json,added_tokens.json,.json,23,2026-06-16 23:01:16,unknown,both
outputs/runs/multitask/deberta_v3_base_multitask_microsoft_deberta_v3_base_multitask_seed42_20260617_005757/best_model/special_tokens_map.json,special_tokens_map.json,.json,286,2026-06-16 23:01:16,unknown,both
outputs/runs/multitask/deberta_v3_base_multitask_microsoft_deberta_v3_base_multitask_seed42_20260617_005757/best_model/tokenizer_config.json,tokenizer_config.json,.json,1315,2026-06-16 23:01:16,unknown,both
outputs/runs/multitask/deberta_v3_base_multitask_microsoft_deberta_v3_base_multitask_seed42_20260617_005757/checkpoints/checkpoint-1038/added_tokens.json,added_tokens.json,.json,23,2026-06-16 23:01:14,unknown,both
outputs/runs/multitask/deberta_v3_base_multitask_microsoft_deberta_v3_base_multitask_seed42_20260617_005757/checkpoints/checkpoint-1038/special_tokens_map.json,special_tokens_map.json,.json,286,2026-06-16 23:01:14,unknown,both
outputs/runs/multitask/deberta_v3_base_multitask_microsoft_deberta_v3_base_multitask_seed42_20260617_005757/checkpoints/checkpoint-1038/tokenizer_config.json,tokenizer_config.json,.json,1315,2026-06-16 23:01:14,unknown,both
outputs/runs/multitask/deberta_v3_base_multitask_microsoft_deberta_v3_base_multitask_seed42_20260617_005757/label_mapping.json,label_mapping.json,.json,1071,2026-06-16 22:58:00,unknown,both
outputs/runs/multitask/deberta_v3_base_multitask_microsoft_deberta_v3_base_multitask_seed42_20260617_005757/run_metadata.json,run_metadata.json,.json,63,2026-06-16 22:57:57,unknown,both
outputs/runs/multitask/deberta_v3_base_multitask_microsoft_deberta_v3_base_multitask_seed42_20260617_005757/tokenizer/added_tokens.json,added_tokens.json,.json,23,2026-06-16 22:57:59,unknown,both
outputs/runs/multitask/deberta_v3_base_multitask_microsoft_deberta_v3_base_multitask_seed42_20260617_005757/tokenizer/special_tokens_map.json,special_tokens_map.json,.json,286,2026-06-16 22:57:59,unknown,both
outputs/runs/multitask/deberta_v3_base_multitask_microsoft_deberta_v3_base_multitask_seed42_20260617_005757/tokenizer/tokenizer_config.json,tokenizer_config.json,.json,1315,2026-06-16 22:57:59,unknown,both
outputs/runs/task1/bert_base_task1_bert_base_uncased_task1_seed42_20260617_004218/best_model/config.json,config.json,.json,816,2026-06-16 22:45:14,unknown,task1
outputs/runs/task1/bert_base_task1_bert_base_uncased_task1_seed42_20260617_004218/best_model/special_tokens_map.json,special_tokens_map.json,.json,125,2026-06-16 22:45:15,unknown,task1
outputs/runs/task1/bert_base_task1_bert_base_uncased_task1_seed42_20260617_004218/best_model/tokenizer.json,tokenizer.json,.json,711396,2026-06-16 22:45:15,unknown,task1
outputs/runs/task1/bert_base_task1_bert_base_uncased_task1_seed42_20260617_004218/best_model/tokenizer_config.json,tokenizer_config.json,.json,1221,2026-06-16 22:45:15,unknown,task1
outputs/runs/task1/bert_base_task1_bert_base_uncased_task1_seed42_20260617_004218/checkpoints/checkpoint-865/config.json,config.json,.json,816,2026-06-16 22:45:13,unknown,task1
outputs/runs/task1/bert_base_task1_bert_base_uncased_task1_seed42_20260617_004218/checkpoints/checkpoint-865/special_tokens_map.json,special_tokens_map.json,.json,125,2026-06-16 22:45:13,unknown,task1
outputs/runs/task1/bert_base_task1_bert_base_uncased_task1_seed42_20260617_004218/checkpoints/checkpoint-865/tokenizer.json,tokenizer.json,.json,711396,2026-06-16 22:45:13,unknown,task1
outputs/runs/task1/bert_base_task1_bert_base_uncased_task1_seed42_20260617_004218/checkpoints/checkpoint-865/tokenizer_config.json,tokenizer_config.json,.json,1221,2026-06-16 22:45:13,unknown,task1
outputs/runs/task1/bert_base_task1_bert_base_uncased_task1_seed42_20260617_004218/label_mapping.json,label_mapping.json,.json,269,2026-06-16 22:42:20,unknown,task1
outputs/runs/task1/bert_base_task1_bert_base_uncased_task1_seed42_20260617_004218/run_metadata.json,run_metadata.json,.json,53,2026-06-16 22:42:18,unknown,task1
outputs/runs/task1/bert_base_task1_bert_base_uncased_task1_seed42_20260617_004218/tokenizer/special_tokens_map.json,special_tokens_map.json,.json,125,2026-06-16 22:42:20,unknown,task1
outputs/runs/task1/bert_base_task1_bert_base_uncased_task1_seed42_20260617_004218/tokenizer/tokenizer.json,tokenizer.json,.json,711396,2026-06-16 22:42:20,unknown,task1
outputs/runs/task1/bert_base_task1_bert_base_uncased_task1_seed42_20260617_004218/tokenizer/tokenizer_config.json,tokenizer_config.json,.json,1221,2026-06-16 22:42:20,unknown,task1
outputs/runs/task1/deberta_v3_base_task1_microsoft_deberta_v3_base_task1_seed42_20260617_004551/best_model/added_tokens.json,added_tokens.json,.json,23,2026-06-16 22:49:19,unknown,task1
outputs/runs/task1/deberta_v3_base_task1_microsoft_deberta_v3_base_task1_seed42_20260617_004551/best_model/config.json,config.json,.json,1070,2026-06-16 22:49:19,unknown,task1
outputs/runs/task1/deberta_v3_base_task1_microsoft_deberta_v3_base_task1_seed42_20260617_004551/best_model/special_tokens_map.json,special_tokens_map.json,.json,286,2026-06-16 22:49:19,unknown,task1
outputs/runs/task1/deberta_v3_base_task1_microsoft_deberta_v3_base_task1_seed42_20260617_004551/best_model/tokenizer_config.json,tokenizer_config.json,.json,1315,2026-06-16 22:49:19,unknown,task1
outputs/runs/task1/deberta_v3_base_task1_microsoft_deberta_v3_base_task1_seed42_20260617_004551/checkpoints/checkpoint-1038/added_tokens.json,added_tokens.json,.json,23,2026-06-16 22:49:17,unknown,task1
outputs/runs/task1/deberta_v3_base_task1_microsoft_deberta_v3_base_task1_seed42_20260617_004551/checkpoints/checkpoint-1038/config.json,config.json,.json,1070,2026-06-16 22:49:16,unknown,task1
outputs/runs/task1/deberta_v3_base_task1_microsoft_deberta_v3_base_task1_seed42_20260617_004551/checkpoints/checkpoint-1038/special_tokens_map.json,special_tokens_map.json,.json,286,2026-06-16 22:49:17,unknown,task1
outputs/runs/task1/deberta_v3_base_task1_microsoft_deberta_v3_base_task1_seed42_20260617_004551/checkpoints/checkpoint-1038/tokenizer_config.json,tokenizer_config.json,.json,1315,2026-06-16 22:49:17,unknown,task1
outputs/runs/task1/deberta_v3_base_task1_microsoft_deberta_v3_base_task1_seed42_20260617_004551/label_mapping.json,label_mapping.json,.json,269,2026-06-16 22:45:53,unknown,task1
outputs/runs/task1/deberta_v3_base_task1_microsoft_deberta_v3_base_task1_seed42_20260617_004551/run_metadata.json,run_metadata.json,.json,59,2026-06-16 22:45:51,unknown,task1
outputs/runs/task1/deberta_v3_base_task1_microsoft_deberta_v3_base_task1_seed42_20260617_004551/tokenizer/added_tokens.json,added_tokens.json,.json,23,2026-06-16 22:45:53,unknown,task1
outputs/runs/task1/deberta_v3_base_task1_microsoft_deberta_v3_base_task1_seed42_20260617_004551/tokenizer/special_tokens_map.json,special_tokens_map.json,.json,286,2026-06-16 22:45:53,unknown,task1
outputs/runs/task1/deberta_v3_base_task1_microsoft_deberta_v3_base_task1_seed42_20260617_004551/tokenizer/tokenizer_config.json,tokenizer_config.json,.json,1315,2026-06-16 22:45:53,unknown,task1
outputs/runs/task1/deberta_v3_base_task1_politician_answer_microsoft_deberta_v3_base_task1_seed42_20260617_005355/best_model/added_tokens.json,added_tokens.json,.json,23,2026-06-16 22:57:16,unknown,task1
outputs/runs/task1/deberta_v3_base_task1_politician_answer_microsoft_deberta_v3_base_task1_seed42_20260617_005355/best_model/config.json,config.json,.json,1070,2026-06-16 22:57:16,unknown,task1
outputs/runs/task1/deberta_v3_base_task1_politician_answer_microsoft_deberta_v3_base_task1_seed42_20260617_005355/best_model/special_tokens_map.json,special_tokens_map.json,.json,286,2026-06-16 22:57:16,unknown,task1
outputs/runs/task1/deberta_v3_base_task1_politician_answer_microsoft_deberta_v3_base_task1_seed42_20260617_005355/best_model/tokenizer_config.json,tokenizer_config.json,.json,1315,2026-06-16 22:57:16,unknown,task1
outputs/runs/task1/deberta_v3_base_task1_politician_answer_microsoft_deberta_v3_base_task1_seed42_20260617_005355/checkpoints/checkpoint-1038/added_tokens.json,added_tokens.json,.json,23,2026-06-16 22:57:14,unknown,task1
outputs/runs/task1/deberta_v3_base_task1_politician_answer_microsoft_deberta_v3_base_task1_seed42_20260617_005355/checkpoints/checkpoint-1038/config.json,config.json,.json,1070,2026-06-16 22:57:14,unknown,task1
outputs/runs/task1/deberta_v3_base_task1_politician_answer_microsoft_deberta_v3_base_task1_seed42_20260617_005355/checkpoints/checkpoint-1038/special_tokens_map.json,special_tokens_map.json,.json,286,2026-06-16 22:57:14,unknown,task1
outputs/runs/task1/deberta_v3_base_task1_politician_answer_microsoft_deberta_v3_base_task1_seed42_20260617_005355/checkpoints/checkpoint-1038/tokenizer_config.json,tokenizer_config.json,.json,1315,2026-06-16 22:57:14,unknown,task1
outputs/runs/task1/deberta_v3_base_task1_politician_answer_microsoft_deberta_v3_base_task1_seed42_20260617_005355/label_mapping.json,label_mapping.json,.json,269,2026-06-16 22:53:57,unknown,task1
outputs/runs/task1/deberta_v3_base_task1_politician_answer_microsoft_deberta_v3_base_task1_seed42_20260617_005355/run_metadata.json,run_metadata.json,.json,77,2026-06-16 22:53:55,unknown,task1
outputs/runs/task1/deberta_v3_base_task1_politician_answer_microsoft_deberta_v3_base_task1_seed42_20260617_005355/tokenizer/added_tokens.json,added_tokens.json,.json,23,2026-06-16 22:53:57,unknown,task1
outputs/runs/task1/deberta_v3_base_task1_politician_answer_microsoft_deberta_v3_base_task1_seed42_20260617_005355/tokenizer/special_tokens_map.json,special_tokens_map.json,.json,286,2026-06-16 22:53:57,unknown,task1
outputs/runs/task1/deberta_v3_base_task1_politician_answer_microsoft_deberta_v3_base_task1_seed42_20260617_005355/tokenizer/tokenizer_config.json,tokenizer_config.json,.json,1315,2026-06-16 22:53:57,unknown,task1
outputs/runs/task1/deberta_v3_base_task1_weighted_microsoft_deberta_v3_base_task1_seed42_20260617_004953/best_model/added_tokens.json,added_tokens.json,.json,23,2026-06-16 22:53:11,unknown,task1
outputs/runs/task1/deberta_v3_base_task1_weighted_microsoft_deberta_v3_base_task1_seed42_20260617_004953/best_model/config.json,config.json,.json,1070,2026-06-16 22:53:11,unknown,task1
outputs/runs/task1/deberta_v3_base_task1_weighted_microsoft_deberta_v3_base_task1_seed42_20260617_004953/best_model/special_tokens_map.json,special_tokens_map.json,.json,286,2026-06-16 22:53:11,unknown,task1
outputs/runs/task1/deberta_v3_base_task1_weighted_microsoft_deberta_v3_base_task1_seed42_20260617_004953/best_model/tokenizer_config.json,tokenizer_config.json,.json,1315,2026-06-16 22:53:11,unknown,task1
outputs/runs/task1/deberta_v3_base_task1_weighted_microsoft_deberta_v3_base_task1_seed42_20260617_004953/checkpoints/checkpoint-865/added_tokens.json,added_tokens.json,.json,23,2026-06-16 22:52:37,unknown,task1
outputs/runs/task1/deberta_v3_base_task1_weighted_microsoft_deberta_v3_base_task1_seed42_20260617_004953/checkpoints/checkpoint-865/config.json,config.json,.json,1070,2026-06-16 22:52:37,unknown,task1
outputs/runs/task1/deberta_v3_base_task1_weighted_microsoft_deberta_v3_base_task1_seed42_20260617_004953/checkpoints/checkpoint-865/special_tokens_map.json,special_tokens_map.json,.json,286,2026-06-16 22:52:37,unknown,task1
outputs/runs/task1/deberta_v3_base_task1_weighted_microsoft_deberta_v3_base_task1_seed42_20260617_004953/checkpoints/checkpoint-865/tokenizer_config.json,tokenizer_config.json,.json,1315,2026-06-16 22:52:37,unknown,task1
outputs/runs/task1/deberta_v3_base_task1_weighted_microsoft_deberta_v3_base_task1_seed42_20260617_004953/class_weights.json,class_weights.json,.json,181,2026-06-16 22:49:58,unknown,task1
outputs/runs/task1/deberta_v3_base_task1_weighted_microsoft_deberta_v3_base_task1_seed42_20260617_004953/label_mapping.json,label_mapping.json,.json,269,2026-06-16 22:49:55,unknown,task1
outputs/runs/task1/deberta_v3_base_task1_weighted_microsoft_deberta_v3_base_task1_seed42_20260617_004953/run_metadata.json,run_metadata.json,.json,68,2026-06-16 22:49:53,unknown,task1
outputs/runs/task1/deberta_v3_base_task1_weighted_microsoft_deberta_v3_base_task1_seed42_20260617_004953/tokenizer/added_tokens.json,added_tokens.json,.json,23,2026-06-16 22:49:55,unknown,task1
outputs/runs/task1/deberta_v3_base_task1_weighted_microsoft_deberta_v3_base_task1_seed42_20260617_004953/tokenizer/special_tokens_map.json,special_tokens_map.json,.json,286,2026-06-16 22:49:55,unknown,task1
outputs/runs/task1/deberta_v3_base_task1_weighted_microsoft_deberta_v3_base_task1_seed42_20260617_004953/tokenizer/tokenizer_config.json,tokenizer_config.json,.json,1315,2026-06-16 22:49:55,unknown,task1
outputs/runs/task1/deberta_v3_large_task1_microsoft_deberta_v3_large_task1_seed42_20260617_004218/best_model/added_tokens.json,added_tokens.json,.json,23,2026-06-16 22:56:03,unknown,task1
outputs/runs/task1/deberta_v3_large_task1_microsoft_deberta_v3_large_task1_seed42_20260617_004218/best_model/config.json,config.json,.json,1072,2026-06-16 22:56:01,unknown,task1
outputs/runs/task1/deberta_v3_large_task1_microsoft_deberta_v3_large_task1_seed42_20260617_004218/best_model/special_tokens_map.json,special_tokens_map.json,.json,286,2026-06-16 22:56:03,unknown,task1
outputs/runs/task1/deberta_v3_large_task1_microsoft_deberta_v3_large_task1_seed42_20260617_004218/best_model/tokenizer_config.json,tokenizer_config.json,.json,1315,2026-06-16 22:56:03,unknown,task1
outputs/runs/task1/deberta_v3_large_task1_microsoft_deberta_v3_large_task1_seed42_20260617_004218/checkpoints/checkpoint-865/added_tokens.json,added_tokens.json,.json,23,2026-06-16 22:55:58,unknown,task1
outputs/runs/task1/deberta_v3_large_task1_microsoft_deberta_v3_large_task1_seed42_20260617_004218/checkpoints/checkpoint-865/config.json,config.json,.json,1072,2026-06-16 22:55:57,unknown,task1
outputs/runs/task1/deberta_v3_large_task1_microsoft_deberta_v3_large_task1_seed42_20260617_004218/checkpoints/checkpoint-865/special_tokens_map.json,special_tokens_map.json,.json,286,2026-06-16 22:55:58,unknown,task1
outputs/runs/task1/deberta_v3_large_task1_microsoft_deberta_v3_large_task1_seed42_20260617_004218/checkpoints/checkpoint-865/tokenizer_config.json,tokenizer_config.json,.json,1315,2026-06-16 22:55:58,unknown,task1
outputs/runs/task1/deberta_v3_large_task1_microsoft_deberta_v3_large_task1_seed42_20260617_004218/label_mapping.json,label_mapping.json,.json,269,2026-06-16 22:42:20,unknown,task1
outputs/runs/task1/deberta_v3_large_task1_microsoft_deberta_v3_large_task1_seed42_20260617_004218/run_metadata.json,run_metadata.json,.json,60,2026-06-16 22:42:18,unknown,task1
outputs/runs/task1/deberta_v3_large_task1_microsoft_deberta_v3_large_task1_seed42_20260617_004218/tokenizer/added_tokens.json,added_tokens.json,.json,23,2026-06-16 22:42:20,unknown,task1
outputs/runs/task1/deberta_v3_large_task1_microsoft_deberta_v3_large_task1_seed42_20260617_004218/tokenizer/special_tokens_map.json,special_tokens_map.json,.json,286,2026-06-16 22:42:20,unknown,task1
outputs/runs/task1/deberta_v3_large_task1_microsoft_deberta_v3_large_task1_seed42_20260617_004218/tokenizer/tokenizer_config.json,tokenizer_config.json,.json,1315,2026-06-16 22:42:20,unknown,task1
outputs/runs/task1/deberta_xlarge_task1_microsoft_deberta_xlarge_task1_seed42_20260617_005356/best_model/config.json,config.json,.json,982,2026-06-16 23:48:37,unknown,task1
outputs/runs/task1/deberta_xlarge_task1_microsoft_deberta_xlarge_task1_seed42_20260617_005356/best_model/special_tokens_map.json,special_tokens_map.json,.json,969,2026-06-16 23:48:39,unknown,task1
outputs/runs/task1/deberta_xlarge_task1_microsoft_deberta_xlarge_task1_seed42_20260617_005356/best_model/tokenizer_config.json,tokenizer_config.json,.json,1338,2026-06-16 23:48:39,unknown,task1
outputs/runs/task1/deberta_xlarge_task1_microsoft_deberta_xlarge_task1_seed42_20260617_005356/best_model/vocab.json,vocab.json,.json,999358,2026-06-16 23:48:39,unknown,task1
outputs/runs/task1/deberta_xlarge_task1_microsoft_deberta_xlarge_task1_seed42_20260617_005356/checkpoints/checkpoint-692/config.json,config.json,.json,982,2026-06-16 23:48:29,unknown,task1
outputs/runs/task1/deberta_xlarge_task1_microsoft_deberta_xlarge_task1_seed42_20260617_005356/checkpoints/checkpoint-692/special_tokens_map.json,special_tokens_map.json,.json,969,2026-06-16 23:48:31,unknown,task1
outputs/runs/task1/deberta_xlarge_task1_microsoft_deberta_xlarge_task1_seed42_20260617_005356/checkpoints/checkpoint-692/tokenizer_config.json,tokenizer_config.json,.json,1338,2026-06-16 23:48:31,unknown,task1
outputs/runs/task1/deberta_xlarge_task1_microsoft_deberta_xlarge_task1_seed42_20260617_005356/checkpoints/checkpoint-692/vocab.json,vocab.json,.json,999358,2026-06-16 23:48:31,unknown,task1
outputs/runs/task1/deberta_xlarge_task1_microsoft_deberta_xlarge_task1_seed42_20260617_005356/label_mapping.json,label_mapping.json,.json,269,2026-06-16 22:53:57,unknown,task1
outputs/runs/task1/deberta_xlarge_task1_microsoft_deberta_xlarge_task1_seed42_20260617_005356/run_metadata.json,run_metadata.json,.json,58,2026-06-16 22:53:56,unknown,task1
outputs/runs/task1/deberta_xlarge_task1_microsoft_deberta_xlarge_task1_seed42_20260617_005356/tokenizer/special_tokens_map.json,special_tokens_map.json,.json,969,2026-06-16 22:53:57,unknown,task1
outputs/runs/task1/deberta_xlarge_task1_microsoft_deberta_xlarge_task1_seed42_20260617_005356/tokenizer/tokenizer_config.json,tokenizer_config.json,.json,1338,2026-06-16 22:53:57,unknown,task1
outputs/runs/task1/deberta_xlarge_task1_microsoft_deberta_xlarge_task1_seed42_20260617_005356/tokenizer/vocab.json,vocab.json,.json,999358,2026-06-16 22:53:57,unknown,task1
outputs/runs/task1/roberta_large_task1_roberta_large_task1_seed42_20260617_004215/best_model/config.json,config.json,.json,831,2026-06-16 22:52:44,unknown,task1
outputs/runs/task1/roberta_large_task1_roberta_large_task1_seed42_20260617_004215/best_model/special_tokens_map.json,special_tokens_map.json,.json,280,2026-06-16 22:52:45,unknown,task1
outputs/runs/task1/roberta_large_task1_roberta_large_task1_seed42_20260617_004215/best_model/tokenizer.json,tokenizer.json,.json,3558643,2026-06-16 22:52:45,unknown,task1
outputs/runs/task1/roberta_large_task1_roberta_large_task1_seed42_20260617_004215/best_model/tokenizer_config.json,tokenizer_config.json,.json,1246,2026-06-16 22:52:45,unknown,task1
outputs/runs/task1/roberta_large_task1_roberta_large_task1_seed42_20260617_004215/best_model/vocab.json,vocab.json,.json,798293,2026-06-16 22:52:45,unknown,task1
outputs/runs/task1/roberta_large_task1_roberta_large_task1_seed42_20260617_004215/checkpoints/checkpoint-865/config.json,config.json,.json,831,2026-06-16 22:52:40,unknown,task1
outputs/runs/task1/roberta_large_task1_roberta_large_task1_seed42_20260617_004215/checkpoints/checkpoint-865/special_tokens_map.json,special_tokens_map.json,.json,280,2026-06-16 22:52:41,unknown,task1
outputs/runs/task1/roberta_large_task1_roberta_large_task1_seed42_20260617_004215/checkpoints/checkpoint-865/tokenizer.json,tokenizer.json,.json,3558643,2026-06-16 22:52:41,unknown,task1
outputs/runs/task1/roberta_large_task1_roberta_large_task1_seed42_20260617_004215/checkpoints/checkpoint-865/tokenizer_config.json,tokenizer_config.json,.json,1246,2026-06-16 22:52:41,unknown,task1
outputs/runs/task1/roberta_large_task1_roberta_large_task1_seed42_20260617_004215/checkpoints/checkpoint-865/vocab.json,vocab.json,.json,798293,2026-06-16 22:52:41,unknown,task1
outputs/runs/task1/roberta_large_task1_roberta_large_task1_seed42_20260617_004215/label_mapping.json,label_mapping.json,.json,269,2026-06-16 22:42:17,unknown,task1
outputs/runs/task1/roberta_large_task1_roberta_large_task1_seed42_20260617_004215/run_metadata.json,run_metadata.json,.json,57,2026-06-16 22:42:15,unknown,task1
outputs/runs/task1/roberta_large_task1_roberta_large_task1_seed42_20260617_004215/tokenizer/special_tokens_map.json,special_tokens_map.json,.json,280,2026-06-16 22:42:17,unknown,task1
outputs/runs/task1/roberta_large_task1_roberta_large_task1_seed42_20260617_004215/tokenizer/tokenizer.json,tokenizer.json,.json,3558643,2026-06-16 22:42:17,unknown,task1
outputs/runs/task1/roberta_large_task1_roberta_large_task1_seed42_20260617_004215/tokenizer/tokenizer_config.json,tokenizer_config.json,.json,1246,2026-06-16 22:42:17,unknown,task1
outputs/runs/task1/roberta_large_task1_roberta_large_task1_seed42_20260617_004215/tokenizer/vocab.json,vocab.json,.json,798293,2026-06-16 22:42:17,unknown,task1
outputs/runs/task2/bert_base_task2_bert_base_uncased_task2_seed42_20260617_004218/best_model/config.json,config.json,.json,1102,2026-06-16 22:45:15,unknown,task2
outputs/runs/task2/bert_base_task2_bert_base_uncased_task2_seed42_20260617_004218/best_model/special_tokens_map.json,special_tokens_map.json,.json,125,2026-06-16 22:45:15,unknown,task2
outputs/runs/task2/bert_base_task2_bert_base_uncased_task2_seed42_20260617_004218/best_model/tokenizer.json,tokenizer.json,.json,711396,2026-06-16 22:45:15,unknown,task2
outputs/runs/task2/bert_base_task2_bert_base_uncased_task2_seed42_20260617_004218/best_model/tokenizer_config.json,tokenizer_config.json,.json,1221,2026-06-16 22:45:15,unknown,task2
outputs/runs/task2/bert_base_task2_bert_base_uncased_task2_seed42_20260617_004218/checkpoints/checkpoint-865/config.json,config.json,.json,1102,2026-06-16 22:45:14,unknown,task2
outputs/runs/task2/bert_base_task2_bert_base_uncased_task2_seed42_20260617_004218/checkpoints/checkpoint-865/special_tokens_map.json,special_tokens_map.json,.json,125,2026-06-16 22:45:14,unknown,task2
outputs/runs/task2/bert_base_task2_bert_base_uncased_task2_seed42_20260617_004218/checkpoints/checkpoint-865/tokenizer.json,tokenizer.json,.json,711396,2026-06-16 22:45:14,unknown,task2
outputs/runs/task2/bert_base_task2_bert_base_uncased_task2_seed42_20260617_004218/checkpoints/checkpoint-865/tokenizer_config.json,tokenizer_config.json,.json,1221,2026-06-16 22:45:14,unknown,task2
outputs/runs/task2/bert_base_task2_bert_base_uncased_task2_seed42_20260617_004218/label_mapping.json,label_mapping.json,.json,674,2026-06-16 22:42:20,unknown,task2
outputs/runs/task2/bert_base_task2_bert_base_uncased_task2_seed42_20260617_004218/run_metadata.json,run_metadata.json,.json,53,2026-06-16 22:42:18,unknown,task2
outputs/runs/task2/bert_base_task2_bert_base_uncased_task2_seed42_20260617_004218/tokenizer/special_tokens_map.json,special_tokens_map.json,.json,125,2026-06-16 22:42:20,unknown,task2
outputs/runs/task2/bert_base_task2_bert_base_uncased_task2_seed42_20260617_004218/tokenizer/tokenizer.json,tokenizer.json,.json,711396,2026-06-16 22:42:20,unknown,task2
outputs/runs/task2/bert_base_task2_bert_base_uncased_task2_seed42_20260617_004218/tokenizer/tokenizer_config.json,tokenizer_config.json,.json,1221,2026-06-16 22:42:20,unknown,task2
outputs/runs/task2/deberta_v3_base_task2_microsoft_deberta_v3_base_task2_seed42_20260617_004551/best_model/added_tokens.json,added_tokens.json,.json,23,2026-06-16 22:49:20,unknown,task2
outputs/runs/task2/deberta_v3_base_task2_microsoft_deberta_v3_base_task2_seed42_20260617_004551/best_model/config.json,config.json,.json,1356,2026-06-16 22:49:19,unknown,task2
outputs/runs/task2/deberta_v3_base_task2_microsoft_deberta_v3_base_task2_seed42_20260617_004551/best_model/special_tokens_map.json,special_tokens_map.json,.json,286,2026-06-16 22:49:20,unknown,task2
outputs/runs/task2/deberta_v3_base_task2_microsoft_deberta_v3_base_task2_seed42_20260617_004551/best_model/tokenizer_config.json,tokenizer_config.json,.json,1315,2026-06-16 22:49:20,unknown,task2
outputs/runs/task2/deberta_v3_base_task2_microsoft_deberta_v3_base_task2_seed42_20260617_004551/checkpoints/checkpoint-1038/added_tokens.json,added_tokens.json,.json,23,2026-06-16 22:49:17,unknown,task2
outputs/runs/task2/deberta_v3_base_task2_microsoft_deberta_v3_base_task2_seed42_20260617_004551/checkpoints/checkpoint-1038/config.json,config.json,.json,1356,2026-06-16 22:49:17,unknown,task2
outputs/runs/task2/deberta_v3_base_task2_microsoft_deberta_v3_base_task2_seed42_20260617_004551/checkpoints/checkpoint-1038/special_tokens_map.json,special_tokens_map.json,.json,286,2026-06-16 22:49:17,unknown,task2
outputs/runs/task2/deberta_v3_base_task2_microsoft_deberta_v3_base_task2_seed42_20260617_004551/checkpoints/checkpoint-1038/tokenizer_config.json,tokenizer_config.json,.json,1315,2026-06-16 22:49:17,unknown,task2
outputs/runs/task2/deberta_v3_base_task2_microsoft_deberta_v3_base_task2_seed42_20260617_004551/label_mapping.json,label_mapping.json,.json,674,2026-06-16 22:45:53,unknown,task2
outputs/runs/task2/deberta_v3_base_task2_microsoft_deberta_v3_base_task2_seed42_20260617_004551/run_metadata.json,run_metadata.json,.json,59,2026-06-16 22:45:51,unknown,task2
outputs/runs/task2/deberta_v3_base_task2_microsoft_deberta_v3_base_task2_seed42_20260617_004551/tokenizer/added_tokens.json,added_tokens.json,.json,23,2026-06-16 22:45:53,unknown,task2
outputs/runs/task2/deberta_v3_base_task2_microsoft_deberta_v3_base_task2_seed42_20260617_004551/tokenizer/special_tokens_map.json,special_tokens_map.json,.json,286,2026-06-16 22:45:53,unknown,task2
outputs/runs/task2/deberta_v3_base_task2_microsoft_deberta_v3_base_task2_seed42_20260617_004551/tokenizer/tokenizer_config.json,tokenizer_config.json,.json,1315,2026-06-16 22:45:53,unknown,task2
outputs/runs/task2/deberta_v3_base_task2_politician_answer_microsoft_deberta_v3_base_task2_seed42_20260617_005355/best_model/added_tokens.json,added_tokens.json,.json,23,2026-06-16 22:57:17,unknown,task2
outputs/runs/task2/deberta_v3_base_task2_politician_answer_microsoft_deberta_v3_base_task2_seed42_20260617_005355/best_model/config.json,config.json,.json,1356,2026-06-16 22:57:16,unknown,task2
outputs/runs/task2/deberta_v3_base_task2_politician_answer_microsoft_deberta_v3_base_task2_seed42_20260617_005355/best_model/special_tokens_map.json,special_tokens_map.json,.json,286,2026-06-16 22:57:17,unknown,task2
outputs/runs/task2/deberta_v3_base_task2_politician_answer_microsoft_deberta_v3_base_task2_seed42_20260617_005355/best_model/tokenizer_config.json,tokenizer_config.json,.json,1315,2026-06-16 22:57:17,unknown,task2
outputs/runs/task2/deberta_v3_base_task2_politician_answer_microsoft_deberta_v3_base_task2_seed42_20260617_005355/checkpoints/checkpoint-1038/added_tokens.json,added_tokens.json,.json,23,2026-06-16 22:57:14,unknown,task2
outputs/runs/task2/deberta_v3_base_task2_politician_answer_microsoft_deberta_v3_base_task2_seed42_20260617_005355/checkpoints/checkpoint-1038/config.json,config.json,.json,1356,2026-06-16 22:57:14,unknown,task2
outputs/runs/task2/deberta_v3_base_task2_politician_answer_microsoft_deberta_v3_base_task2_seed42_20260617_005355/checkpoints/checkpoint-1038/special_tokens_map.json,special_tokens_map.json,.json,286,2026-06-16 22:57:14,unknown,task2
outputs/runs/task2/deberta_v3_base_task2_politician_answer_microsoft_deberta_v3_base_task2_seed42_20260617_005355/checkpoints/checkpoint-1038/tokenizer_config.json,tokenizer_config.json,.json,1315,2026-06-16 22:57:14,unknown,task2
outputs/runs/task2/deberta_v3_base_task2_politician_answer_microsoft_deberta_v3_base_task2_seed42_20260617_005355/label_mapping.json,label_mapping.json,.json,674,2026-06-16 22:53:57,unknown,task2
outputs/runs/task2/deberta_v3_base_task2_politician_answer_microsoft_deberta_v3_base_task2_seed42_20260617_005355/run_metadata.json,run_metadata.json,.json,77,2026-06-16 22:53:55,unknown,task2
outputs/runs/task2/deberta_v3_base_task2_politician_answer_microsoft_deberta_v3_base_task2_seed42_20260617_005355/tokenizer/added_tokens.json,added_tokens.json,.json,23,2026-06-16 22:53:57,unknown,task2
outputs/runs/task2/deberta_v3_base_task2_politician_answer_microsoft_deberta_v3_base_task2_seed42_20260617_005355/tokenizer/special_tokens_map.json,special_tokens_map.json,.json,286,2026-06-16 22:53:57,unknown,task2
outputs/runs/task2/deberta_v3_base_task2_politician_answer_microsoft_deberta_v3_base_task2_seed42_20260617_005355/tokenizer/tokenizer_config.json,tokenizer_config.json,.json,1315,2026-06-16 22:53:57,unknown,task2
outputs/runs/task2/deberta_v3_base_task2_weighted_microsoft_deberta_v3_base_task2_seed42_20260617_004953/best_model/added_tokens.json,added_tokens.json,.json,23,2026-06-16 22:53:12,unknown,task2
outputs/runs/task2/deberta_v3_base_task2_weighted_microsoft_deberta_v3_base_task2_seed42_20260617_004953/best_model/config.json,config.json,.json,1356,2026-06-16 22:53:11,unknown,task2
outputs/runs/task2/deberta_v3_base_task2_weighted_microsoft_deberta_v3_base_task2_seed42_20260617_004953/best_model/special_tokens_map.json,special_tokens_map.json,.json,286,2026-06-16 22:53:12,unknown,task2
outputs/runs/task2/deberta_v3_base_task2_weighted_microsoft_deberta_v3_base_task2_seed42_20260617_004953/best_model/tokenizer_config.json,tokenizer_config.json,.json,1315,2026-06-16 22:53:12,unknown,task2
outputs/runs/task2/deberta_v3_base_task2_weighted_microsoft_deberta_v3_base_task2_seed42_20260617_004953/checkpoints/checkpoint-1038/added_tokens.json,added_tokens.json,.json,23,2026-06-16 22:53:09,unknown,task2
outputs/runs/task2/deberta_v3_base_task2_weighted_microsoft_deberta_v3_base_task2_seed42_20260617_004953/checkpoints/checkpoint-1038/config.json,config.json,.json,1356,2026-06-16 22:53:09,unknown,task2
outputs/runs/task2/deberta_v3_base_task2_weighted_microsoft_deberta_v3_base_task2_seed42_20260617_004953/checkpoints/checkpoint-1038/special_tokens_map.json,special_tokens_map.json,.json,286,2026-06-16 22:53:09,unknown,task2
outputs/runs/task2/deberta_v3_base_task2_weighted_microsoft_deberta_v3_base_task2_seed42_20260617_004953/checkpoints/checkpoint-1038/tokenizer_config.json,tokenizer_config.json,.json,1315,2026-06-16 22:53:09,unknown,task2
outputs/runs/task2/deberta_v3_base_task2_weighted_microsoft_deberta_v3_base_task2_seed42_20260617_004953/class_weights.json,class_weights.json,.json,442,2026-06-16 22:49:58,unknown,task2
outputs/runs/task2/deberta_v3_base_task2_weighted_microsoft_deberta_v3_base_task2_seed42_20260617_004953/label_mapping.json,label_mapping.json,.json,674,2026-06-16 22:49:55,unknown,task2
outputs/runs/task2/deberta_v3_base_task2_weighted_microsoft_deberta_v3_base_task2_seed42_20260617_004953/run_metadata.json,run_metadata.json,.json,68,2026-06-16 22:49:53,unknown,task2
outputs/runs/task2/deberta_v3_base_task2_weighted_microsoft_deberta_v3_base_task2_seed42_20260617_004953/tokenizer/added_tokens.json,added_tokens.json,.json,23,2026-06-16 22:49:55,unknown,task2
outputs/runs/task2/deberta_v3_base_task2_weighted_microsoft_deberta_v3_base_task2_seed42_20260617_004953/tokenizer/special_tokens_map.json,special_tokens_map.json,.json,286,2026-06-16 22:49:55,unknown,task2
outputs/runs/task2/deberta_v3_base_task2_weighted_microsoft_deberta_v3_base_task2_seed42_20260617_004953/tokenizer/tokenizer_config.json,tokenizer_config.json,.json,1315,2026-06-16 22:49:55,unknown,task2
outputs/runs/task2/deberta_v3_large_task2_microsoft_deberta_v3_large_task2_seed42_20260617_005310/best_model/added_tokens.json,added_tokens.json,.json,23,2026-06-16 23:06:47,unknown,task2
outputs/runs/task2/deberta_v3_large_task2_microsoft_deberta_v3_large_task2_seed42_20260617_005310/best_model/config.json,config.json,.json,1358,2026-06-16 23:06:46,unknown,task2
outputs/runs/task2/deberta_v3_large_task2_microsoft_deberta_v3_large_task2_seed42_20260617_005310/best_model/special_tokens_map.json,special_tokens_map.json,.json,286,2026-06-16 23:06:47,unknown,task2
outputs/runs/task2/deberta_v3_large_task2_microsoft_deberta_v3_large_task2_seed42_20260617_005310/best_model/tokenizer_config.json,tokenizer_config.json,.json,1315,2026-06-16 23:06:47,unknown,task2
outputs/runs/task2/deberta_v3_large_task2_microsoft_deberta_v3_large_task2_seed42_20260617_005310/checkpoints/checkpoint-865/added_tokens.json,added_tokens.json,.json,23,2026-06-16 23:06:42,unknown,task2
outputs/runs/task2/deberta_v3_large_task2_microsoft_deberta_v3_large_task2_seed42_20260617_005310/checkpoints/checkpoint-865/config.json,config.json,.json,1358,2026-06-16 23:06:41,unknown,task2
outputs/runs/task2/deberta_v3_large_task2_microsoft_deberta_v3_large_task2_seed42_20260617_005310/checkpoints/checkpoint-865/special_tokens_map.json,special_tokens_map.json,.json,286,2026-06-16 23:06:42,unknown,task2
outputs/runs/task2/deberta_v3_large_task2_microsoft_deberta_v3_large_task2_seed42_20260617_005310/checkpoints/checkpoint-865/tokenizer_config.json,tokenizer_config.json,.json,1315,2026-06-16 23:06:42,unknown,task2
outputs/runs/task2/deberta_v3_large_task2_microsoft_deberta_v3_large_task2_seed42_20260617_005310/label_mapping.json,label_mapping.json,.json,674,2026-06-16 22:53:13,unknown,task2
outputs/runs/task2/deberta_v3_large_task2_microsoft_deberta_v3_large_task2_seed42_20260617_005310/run_metadata.json,run_metadata.json,.json,60,2026-06-16 22:53:10,unknown,task2
outputs/runs/task2/deberta_v3_large_task2_microsoft_deberta_v3_large_task2_seed42_20260617_005310/tokenizer/added_tokens.json,added_tokens.json,.json,23,2026-06-16 22:53:13,unknown,task2
outputs/runs/task2/deberta_v3_large_task2_microsoft_deberta_v3_large_task2_seed42_20260617_005310/tokenizer/special_tokens_map.json,special_tokens_map.json,.json,286,2026-06-16 22:53:13,unknown,task2
outputs/runs/task2/deberta_v3_large_task2_microsoft_deberta_v3_large_task2_seed42_20260617_005310/tokenizer/tokenizer_config.json,tokenizer_config.json,.json,1315,2026-06-16 22:53:13,unknown,task2
outputs/runs/task2/deberta_xlarge_task2_microsoft_deberta_xlarge_task2_seed42_20260617_005705/best_model/config.json,config.json,.json,1268,2026-06-16 23:53:21,unknown,task2
outputs/runs/task2/deberta_xlarge_task2_microsoft_deberta_xlarge_task2_seed42_20260617_005705/best_model/special_tokens_map.json,special_tokens_map.json,.json,969,2026-06-16 23:53:24,unknown,task2
outputs/runs/task2/deberta_xlarge_task2_microsoft_deberta_xlarge_task2_seed42_20260617_005705/best_model/tokenizer_config.json,tokenizer_config.json,.json,1338,2026-06-16 23:53:24,unknown,task2
outputs/runs/task2/deberta_xlarge_task2_microsoft_deberta_xlarge_task2_seed42_20260617_005705/best_model/vocab.json,vocab.json,.json,999358,2026-06-16 23:53:24,unknown,task2
outputs/runs/task2/deberta_xlarge_task2_microsoft_deberta_xlarge_task2_seed42_20260617_005705/checkpoints/checkpoint-692/config.json,config.json,.json,1268,2026-06-16 23:53:10,unknown,task2
outputs/runs/task2/deberta_xlarge_task2_microsoft_deberta_xlarge_task2_seed42_20260617_005705/checkpoints/checkpoint-692/special_tokens_map.json,special_tokens_map.json,.json,969,2026-06-16 23:53:13,unknown,task2
outputs/runs/task2/deberta_xlarge_task2_microsoft_deberta_xlarge_task2_seed42_20260617_005705/checkpoints/checkpoint-692/tokenizer_config.json,tokenizer_config.json,.json,1338,2026-06-16 23:53:13,unknown,task2
outputs/runs/task2/deberta_xlarge_task2_microsoft_deberta_xlarge_task2_seed42_20260617_005705/checkpoints/checkpoint-692/vocab.json,vocab.json,.json,999358,2026-06-16 23:53:13,unknown,task2
outputs/runs/task2/deberta_xlarge_task2_microsoft_deberta_xlarge_task2_seed42_20260617_005705/label_mapping.json,label_mapping.json,.json,674,2026-06-16 22:57:07,unknown,task2
outputs/runs/task2/deberta_xlarge_task2_microsoft_deberta_xlarge_task2_seed42_20260617_005705/run_metadata.json,run_metadata.json,.json,58,2026-06-16 22:57:05,unknown,task2
outputs/runs/task2/deberta_xlarge_task2_microsoft_deberta_xlarge_task2_seed42_20260617_005705/tokenizer/special_tokens_map.json,special_tokens_map.json,.json,969,2026-06-16 22:57:06,unknown,task2
outputs/runs/task2/deberta_xlarge_task2_microsoft_deberta_xlarge_task2_seed42_20260617_005705/tokenizer/tokenizer_config.json,tokenizer_config.json,.json,1338,2026-06-16 22:57:06,unknown,task2
outputs/runs/task2/deberta_xlarge_task2_microsoft_deberta_xlarge_task2_seed42_20260617_005705/tokenizer/vocab.json,vocab.json,.json,999358,2026-06-16 22:57:07,unknown,task2
outputs/runs/task2/roberta_large_task2_roberta_large_task2_seed42_20260617_004218/best_model/config.json,config.json,.json,1117,2026-06-16 22:52:59,unknown,task2
outputs/runs/task2/roberta_large_task2_roberta_large_task2_seed42_20260617_004218/best_model/special_tokens_map.json,special_tokens_map.json,.json,280,2026-06-16 22:53:00,unknown,task2
outputs/runs/task2/roberta_large_task2_roberta_large_task2_seed42_20260617_004218/best_model/tokenizer.json,tokenizer.json,.json,3558643,2026-06-16 22:53:00,unknown,task2
outputs/runs/task2/roberta_large_task2_roberta_large_task2_seed42_20260617_004218/best_model/tokenizer_config.json,tokenizer_config.json,.json,1246,2026-06-16 22:53:00,unknown,task2
outputs/runs/task2/roberta_large_task2_roberta_large_task2_seed42_20260617_004218/best_model/vocab.json,vocab.json,.json,798293,2026-06-16 22:53:00,unknown,task2
outputs/runs/task2/roberta_large_task2_roberta_large_task2_seed42_20260617_004218/checkpoints/checkpoint-692/config.json,config.json,.json,1117,2026-06-16 22:50:47,unknown,task2
outputs/runs/task2/roberta_large_task2_roberta_large_task2_seed42_20260617_004218/checkpoints/checkpoint-692/special_tokens_map.json,special_tokens_map.json,.json,280,2026-06-16 22:50:48,unknown,task2
outputs/runs/task2/roberta_large_task2_roberta_large_task2_seed42_20260617_004218/checkpoints/checkpoint-692/tokenizer.json,tokenizer.json,.json,3558643,2026-06-16 22:50:48,unknown,task2
outputs/runs/task2/roberta_large_task2_roberta_large_task2_seed42_20260617_004218/checkpoints/checkpoint-692/tokenizer_config.json,tokenizer_config.json,.json,1246,2026-06-16 22:50:48,unknown,task2
outputs/runs/task2/roberta_large_task2_roberta_large_task2_seed42_20260617_004218/checkpoints/checkpoint-692/vocab.json,vocab.json,.json,798293,2026-06-16 22:50:48,unknown,task2
outputs/runs/task2/roberta_large_task2_roberta_large_task2_seed42_20260617_004218/label_mapping.json,label_mapping.json,.json,674,2026-06-16 22:42:20,unknown,task2
outputs/runs/task2/roberta_large_task2_roberta_large_task2_seed42_20260617_004218/run_metadata.json,run_metadata.json,.json,57,2026-06-16 22:42:18,unknown,task2
outputs/runs/task2/roberta_large_task2_roberta_large_task2_seed42_20260617_004218/tokenizer/special_tokens_map.json,special_tokens_map.json,.json,280,2026-06-16 22:42:20,unknown,task2
outputs/runs/task2/roberta_large_task2_roberta_large_task2_seed42_20260617_004218/tokenizer/tokenizer.json,tokenizer.json,.json,3558643,2026-06-16 22:42:20,unknown,task2
outputs/runs/task2/roberta_large_task2_roberta_large_task2_seed42_20260617_004218/tokenizer/tokenizer_config.json,tokenizer_config.json,.json,1246,2026-06-16 22:42:20,unknown,task2
outputs/runs/task2/roberta_large_task2_roberta_large_task2_seed42_20260617_004218/tokenizer/vocab.json,vocab.json,.json,798293,2026-06-16 22:42:20,unknown,task2
